round_id,metric_name,experimental_phase,tenant_pair,tenant1,tenant2,correlation,method,sample_size,result_quality,correlation_strength
round-1,cpu_usage,1 - Baseline,tenant-cpu:tenant-dsk,tenant-cpu,tenant-dsk,-0.2806335686251555,pearson,97,high,weak
round-1,cpu_usage,1 - Baseline,tenant-cpu:tenant-mem,tenant-cpu,tenant-mem,-0.2628799402974988,pearson,97,high,weak
round-1,cpu_usage,1 - Baseline,tenant-cpu:tenant-ntk,tenant-cpu,tenant-ntk,0.004543466194685738,pearson,97,high,weak
round-1,cpu_usage,1 - Baseline,tenant-dsk:tenant-mem,tenant-dsk,tenant-mem,0.84338651311336,pearson,97,high,strong
round-1,cpu_usage,1 - Baseline,tenant-dsk:tenant-ntk,tenant-dsk,tenant-ntk,0.6861815022431778,pearson,97,high,moderate
round-1,cpu_usage,1 - Baseline,tenant-mem:tenant-ntk,tenant-mem,tenant-ntk,0.7231443113103642,pearson,97,high,strong
round-1,cpu_usage,2 - CPU Noise,tenant-cpu:tenant-dsk,tenant-cpu,tenant-dsk,0.11132944168559226,pearson,201,high,weak
round-1,cpu_usage,2 - CPU Noise,tenant-cpu:tenant-mem,tenant-cpu,tenant-mem,0.31676277825770616,pearson,201,high,moderate
round-1,cpu_usage,2 - CPU Noise,tenant-cpu:tenant-nsy,tenant-cpu,tenant-nsy,0.07028339347639836,pearson,197,high,weak
round-1,cpu_usage,2 - CPU Noise,tenant-cpu:tenant-ntk,tenant-cpu,tenant-ntk,0.167981349928711,pearson,201,high,weak
round-1,cpu_usage,2 - CPU Noise,tenant-dsk:tenant-mem,tenant-dsk,tenant-mem,0.3170153851910169,pearson,201,high,moderate
round-1,cpu_usage,2 - CPU Noise,tenant-dsk:tenant-nsy,tenant-dsk,tenant-nsy,0.30038484119624725,pearson,197,high,moderate
round-1,cpu_usage,2 - CPU Noise,tenant-dsk:tenant-ntk,tenant-dsk,tenant-ntk,0.2008110372133765,pearson,201,high,weak
round-1,cpu_usage,2 - CPU Noise,tenant-mem:tenant-nsy,tenant-mem,tenant-nsy,0.1932003643076631,pearson,197,high,weak
round-1,cpu_usage,2 - CPU Noise,tenant-mem:tenant-ntk,tenant-mem,tenant-ntk,0.30320863681172466,pearson,201,high,moderate
round-1,cpu_usage,2 - CPU Noise,tenant-nsy:tenant-ntk,tenant-nsy,tenant-ntk,0.07584295482303927,pearson,197,high,weak
round-1,cpu_usage,3 - Memory Noise,tenant-cpu:tenant-dsk,tenant-cpu,tenant-dsk,0.32547577725420795,pearson,201,high,moderate
round-1,cpu_usage,3 - Memory Noise,tenant-cpu:tenant-mem,tenant-cpu,tenant-mem,0.18090740323444912,pearson,201,high,weak
round-1,cpu_usage,3 - Memory Noise,tenant-cpu:tenant-nsy,tenant-cpu,tenant-nsy,0.29664965058841575,pearson,201,high,weak
round-1,cpu_usage,3 - Memory Noise,tenant-cpu:tenant-ntk,tenant-cpu,tenant-ntk,0.1446908074352064,pearson,201,high,weak
round-1,cpu_usage,3 - Memory Noise,tenant-dsk:tenant-mem,tenant-dsk,tenant-mem,0.3163075369420389,pearson,201,high,moderate
round-1,cpu_usage,3 - Memory Noise,tenant-dsk:tenant-nsy,tenant-dsk,tenant-nsy,0.19393171299456427,pearson,201,high,weak
round-1,cpu_usage,3 - Memory Noise,tenant-dsk:tenant-ntk,tenant-dsk,tenant-ntk,0.3173538110638146,pearson,201,high,moderate
round-1,cpu_usage,3 - Memory Noise,tenant-mem:tenant-nsy,tenant-mem,tenant-nsy,0.13016340375304777,pearson,201,high,weak
round-1,cpu_usage,3 - Memory Noise,tenant-mem:tenant-ntk,tenant-mem,tenant-ntk,0.4730678346032151,pearson,201,high,moderate
round-1,cpu_usage,3 - Memory Noise,tenant-nsy:tenant-ntk,tenant-nsy,tenant-ntk,0.1418809752001536,pearson,201,high,weak
round-1,cpu_usage,4 - Network Noise,tenant-cpu:tenant-dsk,tenant-cpu,tenant-dsk,0.17969766605025936,pearson,196,high,weak
round-1,cpu_usage,4 - Network Noise,tenant-cpu:tenant-mem,tenant-cpu,tenant-mem,0.22937201309670924,pearson,196,high,weak
round-1,cpu_usage,4 - Network Noise,tenant-cpu:tenant-nsy,tenant-cpu,tenant-nsy,0.2942811902612483,pearson,196,high,weak
round-1,cpu_usage,4 - Network Noise,tenant-cpu:tenant-ntk,tenant-cpu,tenant-ntk,0.1755237068244984,pearson,196,high,weak
round-1,cpu_usage,4 - Network Noise,tenant-dsk:tenant-mem,tenant-dsk,tenant-mem,0.6274847305374639,pearson,196,high,moderate
round-1,cpu_usage,4 - Network Noise,tenant-dsk:tenant-nsy,tenant-dsk,tenant-nsy,0.452205994077462,pearson,196,high,moderate
round-1,cpu_usage,4 - Network Noise,tenant-dsk:tenant-ntk,tenant-dsk,tenant-ntk,0.3770369281814658,pearson,196,high,moderate
round-1,cpu_usage,4 - Network Noise,tenant-mem:tenant-nsy,tenant-mem,tenant-nsy,0.5470215552919018,pearson,196,high,moderate
round-1,cpu_usage,4 - Network Noise,tenant-mem:tenant-ntk,tenant-mem,tenant-ntk,0.4492964660229341,pearson,196,high,moderate
round-1,cpu_usage,4 - Network Noise,tenant-nsy:tenant-ntk,tenant-nsy,tenant-ntk,0.2934689397943285,pearson,196,high,weak
round-1,cpu_usage,5 - Disk Noise,tenant-cpu:tenant-dsk,tenant-cpu,tenant-dsk,0.08298681613697147,pearson,190,high,weak
round-1,cpu_usage,5 - Disk Noise,tenant-cpu:tenant-mem,tenant-cpu,tenant-mem,0.2696283480037081,pearson,190,high,weak
round-1,cpu_usage,5 - Disk Noise,tenant-cpu:tenant-nsy,tenant-cpu,tenant-nsy,0.3632659587832492,pearson,190,high,moderate
round-1,cpu_usage,5 - Disk Noise,tenant-cpu:tenant-ntk,tenant-cpu,tenant-ntk,0.16971491128157706,pearson,190,high,weak
round-1,cpu_usage,5 - Disk Noise,tenant-dsk:tenant-mem,tenant-dsk,tenant-mem,0.479637524553219,pearson,190,high,moderate
round-1,cpu_usage,5 - Disk Noise,tenant-dsk:tenant-nsy,tenant-dsk,tenant-nsy,0.36062265038453806,pearson,190,high,moderate
round-1,cpu_usage,5 - Disk Noise,tenant-dsk:tenant-ntk,tenant-dsk,tenant-ntk,0.35198928990309636,pearson,190,high,moderate
round-1,cpu_usage,5 - Disk Noise,tenant-mem:tenant-nsy,tenant-mem,tenant-nsy,0.45221555029495386,pearson,190,high,moderate
round-1,cpu_usage,5 - Disk Noise,tenant-mem:tenant-ntk,tenant-mem,tenant-ntk,0.4838244022034148,pearson,190,high,moderate
round-1,cpu_usage,5 - Disk Noise,tenant-nsy:tenant-ntk,tenant-nsy,tenant-ntk,0.48366055860795815,pearson,190,high,moderate
round-1,cpu_usage,6 - Combined Noise,tenant-cpu:tenant-dsk,tenant-cpu,tenant-dsk,0.18752667764434716,pearson,192,high,weak
round-1,cpu_usage,6 - Combined Noise,tenant-cpu:tenant-mem,tenant-cpu,tenant-mem,0.2491776767156963,pearson,192,high,weak
round-1,cpu_usage,6 - Combined Noise,tenant-cpu:tenant-nsy,tenant-cpu,tenant-nsy,0.17231716760254315,pearson,192,high,weak
round-1,cpu_usage,6 - Combined Noise,tenant-cpu:tenant-ntk,tenant-cpu,tenant-ntk,0.26563142181550287,pearson,192,high,weak
round-1,cpu_usage,6 - Combined Noise,tenant-dsk:tenant-mem,tenant-dsk,tenant-mem,0.4870101790909009,pearson,192,high,moderate
round-1,cpu_usage,6 - Combined Noise,tenant-dsk:tenant-nsy,tenant-dsk,tenant-nsy,0.5146998506977575,pearson,192,high,moderate
round-1,cpu_usage,6 - Combined Noise,tenant-dsk:tenant-ntk,tenant-dsk,tenant-ntk,0.36052740026284424,pearson,192,high,moderate
round-1,cpu_usage,6 - Combined Noise,tenant-mem:tenant-nsy,tenant-mem,tenant-nsy,0.5501252526591026,pearson,192,high,moderate
round-1,cpu_usage,6 - Combined Noise,tenant-mem:tenant-ntk,tenant-mem,tenant-ntk,0.41492772310201526,pearson,192,high,moderate
round-1,cpu_usage,6 - Combined Noise,tenant-nsy:tenant-ntk,tenant-nsy,tenant-ntk,0.37725950597652697,pearson,192,high,moderate
round-1,cpu_usage,7 - Recovery,tenant-cpu:tenant-dsk,tenant-cpu,tenant-dsk,0.07051897217515589,pearson,101,high,weak
round-1,cpu_usage,7 - Recovery,tenant-cpu:tenant-mem,tenant-cpu,tenant-mem,-0.036837959080507826,pearson,101,high,weak
round-1,cpu_usage,7 - Recovery,tenant-cpu:tenant-nsy,tenant-cpu,tenant-nsy,0.28999496516763934,pearson,13,medium,weak
round-1,cpu_usage,7 - Recovery,tenant-cpu:tenant-ntk,tenant-cpu,tenant-ntk,0.12134248717870164,pearson,101,high,weak
round-1,cpu_usage,7 - Recovery,tenant-dsk:tenant-mem,tenant-dsk,tenant-mem,0.33884053634296657,pearson,101,high,moderate
round-1,cpu_usage,7 - Recovery,tenant-dsk:tenant-nsy,tenant-dsk,tenant-nsy,-0.2309722821214478,pearson,13,medium,weak
round-1,cpu_usage,7 - Recovery,tenant-dsk:tenant-ntk,tenant-dsk,tenant-ntk,0.2429899882713592,pearson,101,high,weak
round-1,cpu_usage,7 - Recovery,tenant-mem:tenant-nsy,tenant-mem,tenant-nsy,0.667319445494985,pearson,13,medium,moderate
round-1,cpu_usage,7 - Recovery,tenant-mem:tenant-ntk,tenant-mem,tenant-ntk,0.2508756138246462,pearson,101,high,weak
round-1,cpu_usage,7 - Recovery,tenant-nsy:tenant-ntk,tenant-nsy,tenant-ntk,-0.11052160423752239,pearson,13,medium,weak
round-1,memory_usage,1 - Baseline,tenant-cpu:tenant-dsk,tenant-cpu,tenant-dsk,-0.4617327741345314,pearson,99,high,moderate
round-1,memory_usage,1 - Baseline,tenant-cpu:tenant-mem,tenant-cpu,tenant-mem,0.008050911083822575,pearson,100,high,weak
round-1,memory_usage,1 - Baseline,tenant-cpu:tenant-ntk,tenant-cpu,tenant-ntk,-0.7236804241508519,pearson,99,high,strong
round-1,memory_usage,1 - Baseline,tenant-dsk:tenant-mem,tenant-dsk,tenant-mem,0.41466640890669965,pearson,99,high,moderate
round-1,memory_usage,1 - Baseline,tenant-dsk:tenant-ntk,tenant-dsk,tenant-ntk,0.5848229716934263,pearson,99,high,moderate
round-1,memory_usage,1 - Baseline,tenant-mem:tenant-ntk,tenant-mem,tenant-ntk,0.3953662666507693,pearson,99,high,moderate
round-1,memory_usage,2 - CPU Noise,tenant-cpu:tenant-dsk,tenant-cpu,tenant-dsk,-0.0010153869612052897,pearson,201,high,weak
round-1,memory_usage,2 - CPU Noise,tenant-cpu:tenant-mem,tenant-cpu,tenant-mem,-0.08497207380557398,pearson,201,high,weak
round-1,memory_usage,2 - CPU Noise,tenant-cpu:tenant-nsy,tenant-cpu,tenant-nsy,0.04573371260036238,pearson,200,high,weak
round-1,memory_usage,2 - CPU Noise,tenant-cpu:tenant-ntk,tenant-cpu,tenant-ntk,0.05191743501590522,pearson,201,high,weak
round-1,memory_usage,2 - CPU Noise,tenant-dsk:tenant-mem,tenant-dsk,tenant-mem,0.012023791217386809,pearson,201,high,weak
round-1,memory_usage,2 - CPU Noise,tenant-dsk:tenant-nsy,tenant-dsk,tenant-nsy,0.02905664570517177,pearson,200,high,weak
round-1,memory_usage,2 - CPU Noise,tenant-dsk:tenant-ntk,tenant-dsk,tenant-ntk,0.12336866948791668,pearson,201,high,weak
round-1,memory_usage,2 - CPU Noise,tenant-mem:tenant-nsy,tenant-mem,tenant-nsy,-0.06450428209663657,pearson,200,high,weak
round-1,memory_usage,2 - CPU Noise,tenant-mem:tenant-ntk,tenant-mem,tenant-ntk,0.31972828207645454,pearson,201,high,moderate
round-1,memory_usage,2 - CPU Noise,tenant-nsy:tenant-ntk,tenant-nsy,tenant-ntk,0.06739631247330952,pearson,200,high,weak
round-1,memory_usage,3 - Memory Noise,tenant-cpu:tenant-dsk,tenant-cpu,tenant-dsk,0.1746350619047269,pearson,201,high,weak
round-1,memory_usage,3 - Memory Noise,tenant-cpu:tenant-mem,tenant-cpu,tenant-mem,-0.13547837856517003,pearson,201,high,weak
round-1,memory_usage,3 - Memory Noise,tenant-cpu:tenant-nsy,tenant-cpu,tenant-nsy,0.0128629436848344,pearson,201,high,weak
round-1,memory_usage,3 - Memory Noise,tenant-cpu:tenant-ntk,tenant-cpu,tenant-ntk,0.05190037325818307,pearson,201,high,weak
round-1,memory_usage,3 - Memory Noise,tenant-dsk:tenant-mem,tenant-dsk,tenant-mem,-0.17803065077685035,pearson,201,high,weak
round-1,memory_usage,3 - Memory Noise,tenant-dsk:tenant-nsy,tenant-dsk,tenant-nsy,-0.16490906182435963,pearson,201,high,weak
round-1,memory_usage,3 - Memory Noise,tenant-dsk:tenant-ntk,tenant-dsk,tenant-ntk,0.1188835146662741,pearson,201,high,weak
round-1,memory_usage,3 - Memory Noise,tenant-mem:tenant-nsy,tenant-mem,tenant-nsy,-0.1302584110923899,pearson,201,high,weak
round-1,memory_usage,3 - Memory Noise,tenant-mem:tenant-ntk,tenant-mem,tenant-ntk,0.07704726480220753,pearson,201,high,weak
round-1,memory_usage,3 - Memory Noise,tenant-nsy:tenant-ntk,tenant-nsy,tenant-ntk,-0.12127477661704866,pearson,201,high,weak
round-1,memory_usage,4 - Network Noise,tenant-cpu:tenant-dsk,tenant-cpu,tenant-dsk,0.1161328008115244,pearson,197,high,weak
round-1,memory_usage,4 - Network Noise,tenant-cpu:tenant-mem,tenant-cpu,tenant-mem,0.07055592564553956,pearson,197,high,weak
round-1,memory_usage,4 - Network Noise,tenant-cpu:tenant-nsy,tenant-cpu,tenant-nsy,-0.05345196377640118,pearson,197,high,weak
round-1,memory_usage,4 - Network Noise,tenant-cpu:tenant-ntk,tenant-cpu,tenant-ntk,0.11716616096266749,pearson,197,high,weak
round-1,memory_usage,4 - Network Noise,tenant-dsk:tenant-mem,tenant-dsk,tenant-mem,-0.03694688983030557,pearson,197,high,weak
round-1,memory_usage,4 - Network Noise,tenant-dsk:tenant-nsy,tenant-dsk,tenant-nsy,0.03798924189005773,pearson,197,high,weak
round-1,memory_usage,4 - Network Noise,tenant-dsk:tenant-ntk,tenant-dsk,tenant-ntk,0.03078202595150992,pearson,197,high,weak
round-1,memory_usage,4 - Network Noise,tenant-mem:tenant-nsy,tenant-mem,tenant-nsy,0.08870340355802143,pearson,197,high,weak
round-1,memory_usage,4 - Network Noise,tenant-mem:tenant-ntk,tenant-mem,tenant-ntk,0.05890144893096588,pearson,197,high,weak
round-1,memory_usage,4 - Network Noise,tenant-nsy:tenant-ntk,tenant-nsy,tenant-ntk,-0.3851722920659439,pearson,197,high,moderate
round-1,memory_usage,5 - Disk Noise,tenant-cpu:tenant-dsk,tenant-cpu,tenant-dsk,-0.10145866064481147,pearson,190,high,weak
round-1,memory_usage,5 - Disk Noise,tenant-cpu:tenant-mem,tenant-cpu,tenant-mem,0.07638291814824338,pearson,190,high,weak
round-1,memory_usage,5 - Disk Noise,tenant-cpu:tenant-nsy,tenant-cpu,tenant-nsy,0.007551133576543213,pearson,190,high,weak
round-1,memory_usage,5 - Disk Noise,tenant-cpu:tenant-ntk,tenant-cpu,tenant-ntk,0.03621696472484992,pearson,190,high,weak
round-1,memory_usage,5 - Disk Noise,tenant-dsk:tenant-mem,tenant-dsk,tenant-mem,-0.09622179615185031,pearson,190,high,weak
round-1,memory_usage,5 - Disk Noise,tenant-dsk:tenant-nsy,tenant-dsk,tenant-nsy,0.030567439487360636,pearson,190,high,weak
round-1,memory_usage,5 - Disk Noise,tenant-dsk:tenant-ntk,tenant-dsk,tenant-ntk,-0.26648313672538415,pearson,190,high,weak
round-1,memory_usage,5 - Disk Noise,tenant-mem:tenant-nsy,tenant-mem,tenant-nsy,0.2390539650810738,pearson,190,high,weak
round-1,memory_usage,5 - Disk Noise,tenant-mem:tenant-ntk,tenant-mem,tenant-ntk,0.3092624132369992,pearson,190,high,moderate
round-1,memory_usage,5 - Disk Noise,tenant-nsy:tenant-ntk,tenant-nsy,tenant-ntk,0.41110045129320255,pearson,190,high,moderate
round-1,memory_usage,6 - Combined Noise,tenant-cpu:tenant-dsk,tenant-cpu,tenant-dsk,0.01787097777520421,pearson,192,high,weak
round-1,memory_usage,6 - Combined Noise,tenant-cpu:tenant-mem,tenant-cpu,tenant-mem,0.13776042417045686,pearson,192,high,weak
round-1,memory_usage,6 - Combined Noise,tenant-cpu:tenant-nsy,tenant-cpu,tenant-nsy,0.0290193070014401,pearson,192,high,weak
round-1,memory_usage,6 - Combined Noise,tenant-cpu:tenant-ntk,tenant-cpu,tenant-ntk,-0.10846725957372835,pearson,192,high,weak
round-1,memory_usage,6 - Combined Noise,tenant-dsk:tenant-mem,tenant-dsk,tenant-mem,-0.1669599906410021,pearson,192,high,weak
round-1,memory_usage,6 - Combined Noise,tenant-dsk:tenant-nsy,tenant-dsk,tenant-nsy,0.14783287177831061,pearson,192,high,weak
round-1,memory_usage,6 - Combined Noise,tenant-dsk:tenant-ntk,tenant-dsk,tenant-ntk,-0.012812568867645297,pearson,192,high,weak
round-1,memory_usage,6 - Combined Noise,tenant-mem:tenant-nsy,tenant-mem,tenant-nsy,-0.24963224362496203,pearson,192,high,weak
round-1,memory_usage,6 - Combined Noise,tenant-mem:tenant-ntk,tenant-mem,tenant-ntk,-0.13335055757383507,pearson,192,high,weak
round-1,memory_usage,6 - Combined Noise,tenant-nsy:tenant-ntk,tenant-nsy,tenant-ntk,0.16204089732967997,pearson,192,high,weak
round-1,memory_usage,7 - Recovery,tenant-cpu:tenant-dsk,tenant-cpu,tenant-dsk,-0.03266061683174995,pearson,101,high,weak
round-1,memory_usage,7 - Recovery,tenant-cpu:tenant-mem,tenant-cpu,tenant-mem,-0.10938797910166247,pearson,101,high,weak
round-1,memory_usage,7 - Recovery,tenant-cpu:tenant-ntk,tenant-cpu,tenant-ntk,-0.22903877995651303,pearson,101,high,weak
round-1,memory_usage,7 - Recovery,tenant-dsk:tenant-mem,tenant-dsk,tenant-mem,-0.14009041573020373,pearson,101,high,weak
round-1,memory_usage,7 - Recovery,tenant-dsk:tenant-nsy,tenant-dsk,tenant-nsy,0.8301665888686166,pearson,7,low,strong
round-1,memory_usage,7 - Recovery,tenant-dsk:tenant-ntk,tenant-dsk,tenant-ntk,-0.11495479508657015,pearson,101,high,weak
round-1,memory_usage,7 - Recovery,tenant-mem:tenant-nsy,tenant-mem,tenant-nsy,-0.9599134079277782,pearson,7,low,strong
round-1,memory_usage,7 - Recovery,tenant-mem:tenant-ntk,tenant-mem,tenant-ntk,0.439362538512409,pearson,101,high,moderate
round-1,memory_usage,7 - Recovery,tenant-nsy:tenant-ntk,tenant-nsy,tenant-ntk,0.18918173671965927,pearson,7,low,weak
round-2,cpu_usage,1 - Baseline,tenant-cpu:tenant-dsk,tenant-cpu,tenant-dsk,-0.28729179535642607,pearson,98,high,weak
round-2,cpu_usage,1 - Baseline,tenant-cpu:tenant-mem,tenant-cpu,tenant-mem,-0.23568331692158964,pearson,98,high,weak
round-2,cpu_usage,1 - Baseline,tenant-cpu:tenant-ntk,tenant-cpu,tenant-ntk,0.44716986123580743,pearson,98,high,moderate
round-2,cpu_usage,1 - Baseline,tenant-dsk:tenant-mem,tenant-dsk,tenant-mem,0.8758652463267407,pearson,98,high,strong
round-2,cpu_usage,1 - Baseline,tenant-dsk:tenant-ntk,tenant-dsk,tenant-ntk,-0.32725604835229677,pearson,98,high,moderate
round-2,cpu_usage,1 - Baseline,tenant-mem:tenant-ntk,tenant-mem,tenant-ntk,-0.29776710037906723,pearson,98,high,weak
round-2,cpu_usage,2 - CPU Noise,tenant-cpu:tenant-dsk,tenant-cpu,tenant-dsk,0.24258208663555278,pearson,201,high,weak
round-2,cpu_usage,2 - CPU Noise,tenant-cpu:tenant-mem,tenant-cpu,tenant-mem,0.20933482220711103,pearson,201,high,weak
round-2,cpu_usage,2 - CPU Noise,tenant-cpu:tenant-nsy,tenant-cpu,tenant-nsy,-0.021213357828502723,pearson,198,high,weak
round-2,cpu_usage,2 - CPU Noise,tenant-cpu:tenant-ntk,tenant-cpu,tenant-ntk,-0.03328537470793178,pearson,201,high,weak
round-2,cpu_usage,2 - CPU Noise,tenant-dsk:tenant-mem,tenant-dsk,tenant-mem,0.31939321543702714,pearson,201,high,moderate
round-2,cpu_usage,2 - CPU Noise,tenant-dsk:tenant-nsy,tenant-dsk,tenant-nsy,0.052197638507742755,pearson,198,high,weak
round-2,cpu_usage,2 - CPU Noise,tenant-dsk:tenant-ntk,tenant-dsk,tenant-ntk,0.3144126798786968,pearson,201,high,moderate
round-2,cpu_usage,2 - CPU Noise,tenant-mem:tenant-nsy,tenant-mem,tenant-nsy,0.2644238832630178,pearson,198,high,weak
round-2,cpu_usage,2 - CPU Noise,tenant-mem:tenant-ntk,tenant-mem,tenant-ntk,0.3398107517703063,pearson,201,high,moderate
round-2,cpu_usage,2 - CPU Noise,tenant-nsy:tenant-ntk,tenant-nsy,tenant-ntk,0.12724767947710203,pearson,198,high,weak
round-2,cpu_usage,3 - Memory Noise,tenant-cpu:tenant-dsk,tenant-cpu,tenant-dsk,0.10088072589724162,pearson,200,high,weak
round-2,cpu_usage,3 - Memory Noise,tenant-cpu:tenant-mem,tenant-cpu,tenant-mem,0.3848653446640785,pearson,200,high,moderate
round-2,cpu_usage,3 - Memory Noise,tenant-cpu:tenant-nsy,tenant-cpu,tenant-nsy,0.24159676210328507,pearson,200,high,weak
round-2,cpu_usage,3 - Memory Noise,tenant-cpu:tenant-ntk,tenant-cpu,tenant-ntk,0.2903212506597329,pearson,200,high,weak
round-2,cpu_usage,3 - Memory Noise,tenant-dsk:tenant-mem,tenant-dsk,tenant-mem,0.2982351660294021,pearson,200,high,weak
round-2,cpu_usage,3 - Memory Noise,tenant-dsk:tenant-nsy,tenant-dsk,tenant-nsy,0.2961129103350752,pearson,200,high,weak
round-2,cpu_usage,3 - Memory Noise,tenant-dsk:tenant-ntk,tenant-dsk,tenant-ntk,0.1378792505384209,pearson,200,high,weak
round-2,cpu_usage,3 - Memory Noise,tenant-mem:tenant-nsy,tenant-mem,tenant-nsy,0.24282703730188976,pearson,200,high,weak
round-2,cpu_usage,3 - Memory Noise,tenant-mem:tenant-ntk,tenant-mem,tenant-ntk,0.3833777914972156,pearson,200,high,moderate
round-2,cpu_usage,3 - Memory Noise,tenant-nsy:tenant-ntk,tenant-nsy,tenant-ntk,0.3810592671805492,pearson,200,high,moderate
round-2,cpu_usage,4 - Network Noise,tenant-cpu:tenant-dsk,tenant-cpu,tenant-dsk,0.1889772337684429,pearson,195,high,weak
round-2,cpu_usage,4 - Network Noise,tenant-cpu:tenant-mem,tenant-cpu,tenant-mem,0.24718797632066652,pearson,195,high,weak
round-2,cpu_usage,4 - Network Noise,tenant-cpu:tenant-nsy,tenant-cpu,tenant-nsy,0.18296061820576612,pearson,195,high,weak
round-2,cpu_usage,4 - Network Noise,tenant-cpu:tenant-ntk,tenant-cpu,tenant-ntk,0.04060678940935335,pearson,195,high,weak
round-2,cpu_usage,4 - Network Noise,tenant-dsk:tenant-mem,tenant-dsk,tenant-mem,0.24513156882109902,pearson,195,high,weak
round-2,cpu_usage,4 - Network Noise,tenant-dsk:tenant-nsy,tenant-dsk,tenant-nsy,0.3995236689788259,pearson,195,high,moderate
round-2,cpu_usage,4 - Network Noise,tenant-dsk:tenant-ntk,tenant-dsk,tenant-ntk,0.19080953253925143,pearson,195,high,weak
round-2,cpu_usage,4 - Network Noise,tenant-mem:tenant-nsy,tenant-mem,tenant-nsy,0.47368548080055145,pearson,195,high,moderate
round-2,cpu_usage,4 - Network Noise,tenant-mem:tenant-ntk,tenant-mem,tenant-ntk,0.31433759058244926,pearson,195,high,moderate
round-2,cpu_usage,4 - Network Noise,tenant-nsy:tenant-ntk,tenant-nsy,tenant-ntk,0.3387742044790174,pearson,195,high,moderate
round-2,cpu_usage,5 - Disk Noise,tenant-cpu:tenant-dsk,tenant-cpu,tenant-dsk,0.2570720161898874,pearson,189,high,weak
round-2,cpu_usage,5 - Disk Noise,tenant-cpu:tenant-mem,tenant-cpu,tenant-mem,0.2854123189201783,pearson,189,high,weak
round-2,cpu_usage,5 - Disk Noise,tenant-cpu:tenant-nsy,tenant-cpu,tenant-nsy,0.3604351274509899,pearson,189,high,moderate
round-2,cpu_usage,5 - Disk Noise,tenant-cpu:tenant-ntk,tenant-cpu,tenant-ntk,0.13906241940248346,pearson,189,high,weak
round-2,cpu_usage,5 - Disk Noise,tenant-dsk:tenant-mem,tenant-dsk,tenant-mem,0.351082937181705,pearson,189,high,moderate
round-2,cpu_usage,5 - Disk Noise,tenant-dsk:tenant-nsy,tenant-dsk,tenant-nsy,0.5764620230473787,pearson,189,high,moderate
round-2,cpu_usage,5 - Disk Noise,tenant-dsk:tenant-ntk,tenant-dsk,tenant-ntk,0.28326686004784424,pearson,189,high,weak
round-2,cpu_usage,5 - Disk Noise,tenant-mem:tenant-nsy,tenant-mem,tenant-nsy,0.48671602541693865,pearson,189,high,moderate
round-2,cpu_usage,5 - Disk Noise,tenant-mem:tenant-ntk,tenant-mem,tenant-ntk,0.5495344397966374,pearson,189,high,moderate
round-2,cpu_usage,5 - Disk Noise,tenant-nsy:tenant-ntk,tenant-nsy,tenant-ntk,0.33877604211276646,pearson,189,high,moderate
round-2,cpu_usage,6 - Combined Noise,tenant-cpu:tenant-dsk,tenant-cpu,tenant-dsk,0.14670503667134888,pearson,191,high,weak
round-2,cpu_usage,6 - Combined Noise,tenant-cpu:tenant-mem,tenant-cpu,tenant-mem,0.2964284017662637,pearson,191,high,weak
round-2,cpu_usage,6 - Combined Noise,tenant-cpu:tenant-nsy,tenant-cpu,tenant-nsy,0.18028632241005443,pearson,191,high,weak
round-2,cpu_usage,6 - Combined Noise,tenant-cpu:tenant-ntk,tenant-cpu,tenant-ntk,0.13570108212207205,pearson,191,high,weak
round-2,cpu_usage,6 - Combined Noise,tenant-dsk:tenant-mem,tenant-dsk,tenant-mem,0.3877098380344757,pearson,191,high,moderate
round-2,cpu_usage,6 - Combined Noise,tenant-dsk:tenant-nsy,tenant-dsk,tenant-nsy,0.506096444504601,pearson,191,high,moderate
round-2,cpu_usage,6 - Combined Noise,tenant-dsk:tenant-ntk,tenant-dsk,tenant-ntk,0.43964431449208885,pearson,191,high,moderate
round-2,cpu_usage,6 - Combined Noise,tenant-mem:tenant-nsy,tenant-mem,tenant-nsy,0.4735556546511541,pearson,191,high,moderate
round-2,cpu_usage,6 - Combined Noise,tenant-mem:tenant-ntk,tenant-mem,tenant-ntk,0.3307912034345081,pearson,191,high,moderate
round-2,cpu_usage,6 - Combined Noise,tenant-nsy:tenant-ntk,tenant-nsy,tenant-ntk,0.36879827065266063,pearson,191,high,moderate
round-2,cpu_usage,7 - Recovery,tenant-cpu:tenant-dsk,tenant-cpu,tenant-dsk,0.23368489177286708,pearson,100,high,weak
round-2,cpu_usage,7 - Recovery,tenant-cpu:tenant-mem,tenant-cpu,tenant-mem,0.15976775851513877,pearson,100,high,weak
round-2,cpu_usage,7 - Recovery,tenant-cpu:tenant-nsy,tenant-cpu,tenant-nsy,0.49700117899000107,pearson,13,medium,moderate
round-2,cpu_usage,7 - Recovery,tenant-cpu:tenant-ntk,tenant-cpu,tenant-ntk,0.11716407489852633,pearson,100,high,weak
round-2,cpu_usage,7 - Recovery,tenant-dsk:tenant-mem,tenant-dsk,tenant-mem,0.4645858210944676,pearson,100,high,moderate
round-2,cpu_usage,7 - Recovery,tenant-dsk:tenant-nsy,tenant-dsk,tenant-nsy,-0.04548737439915946,pearson,13,medium,weak
round-2,cpu_usage,7 - Recovery,tenant-dsk:tenant-ntk,tenant-dsk,tenant-ntk,0.343263434070255,pearson,100,high,moderate
round-2,cpu_usage,7 - Recovery,tenant-mem:tenant-nsy,tenant-mem,tenant-nsy,-0.024932166775805367,pearson,13,medium,weak
round-2,cpu_usage,7 - Recovery,tenant-mem:tenant-ntk,tenant-mem,tenant-ntk,0.17544864893548315,pearson,100,high,weak
round-2,cpu_usage,7 - Recovery,tenant-nsy:tenant-ntk,tenant-nsy,tenant-ntk,-0.4370696523110289,pearson,13,medium,moderate
round-2,memory_usage,1 - Baseline,tenant-cpu:tenant-dsk,tenant-cpu,tenant-dsk,-0.5680588653034939,pearson,99,high,moderate
round-2,memory_usage,1 - Baseline,tenant-cpu:tenant-mem,tenant-cpu,tenant-mem,-0.6003986493831516,pearson,99,high,moderate
round-2,memory_usage,1 - Baseline,tenant-cpu:tenant-ntk,tenant-cpu,tenant-ntk,-0.8719284124845904,pearson,99,high,strong
round-2,memory_usage,1 - Baseline,tenant-dsk:tenant-mem,tenant-dsk,tenant-mem,0.8792188766987632,pearson,99,high,strong
round-2,memory_usage,1 - Baseline,tenant-dsk:tenant-ntk,tenant-dsk,tenant-ntk,0.7298390631317232,pearson,99,high,strong
round-2,memory_usage,1 - Baseline,tenant-mem:tenant-ntk,tenant-mem,tenant-ntk,0.7701031392005179,pearson,99,high,strong
round-2,memory_usage,2 - CPU Noise,tenant-cpu:tenant-dsk,tenant-cpu,tenant-dsk,0.1292244450265659,pearson,201,high,weak
round-2,memory_usage,2 - CPU Noise,tenant-cpu:tenant-mem,tenant-cpu,tenant-mem,0.030629423730543125,pearson,201,high,weak
round-2,memory_usage,2 - CPU Noise,tenant-cpu:tenant-nsy,tenant-cpu,tenant-nsy,-0.011152146204473998,pearson,199,high,weak
round-2,memory_usage,2 - CPU Noise,tenant-cpu:tenant-ntk,tenant-cpu,tenant-ntk,-0.04684754223513272,pearson,201,high,weak
round-2,memory_usage,2 - CPU Noise,tenant-dsk:tenant-mem,tenant-dsk,tenant-mem,-0.06982129604424647,pearson,201,high,weak
round-2,memory_usage,2 - CPU Noise,tenant-dsk:tenant-nsy,tenant-dsk,tenant-nsy,0.033534302944766295,pearson,199,high,weak
round-2,memory_usage,2 - CPU Noise,tenant-dsk:tenant-ntk,tenant-dsk,tenant-ntk,-0.08381102005407402,pearson,201,high,weak
round-2,memory_usage,2 - CPU Noise,tenant-mem:tenant-nsy,tenant-mem,tenant-nsy,0.033719166957086384,pearson,199,high,weak
round-2,memory_usage,2 - CPU Noise,tenant-mem:tenant-ntk,tenant-mem,tenant-ntk,0.2110948688918965,pearson,201,high,weak
round-2,memory_usage,2 - CPU Noise,tenant-nsy:tenant-ntk,tenant-nsy,tenant-ntk,0.017849631597673853,pearson,199,high,weak
round-2,memory_usage,3 - Memory Noise,tenant-cpu:tenant-dsk,tenant-cpu,tenant-dsk,0.13811710964754417,pearson,200,high,weak
round-2,memory_usage,3 - Memory Noise,tenant-cpu:tenant-mem,tenant-cpu,tenant-mem,0.061696166264977446,pearson,200,high,weak
round-2,memory_usage,3 - Memory Noise,tenant-cpu:tenant-nsy,tenant-cpu,tenant-nsy,-0.03623962708959872,pearson,200,high,weak
round-2,memory_usage,3 - Memory Noise,tenant-cpu:tenant-ntk,tenant-cpu,tenant-ntk,-0.09481791209596716,pearson,200,high,weak
round-2,memory_usage,3 - Memory Noise,tenant-dsk:tenant-mem,tenant-dsk,tenant-mem,0.11855706880521738,pearson,200,high,weak
round-2,memory_usage,3 - Memory Noise,tenant-dsk:tenant-nsy,tenant-dsk,tenant-nsy,-0.04986326881035481,pearson,200,high,weak
round-2,memory_usage,3 - Memory Noise,tenant-dsk:tenant-ntk,tenant-dsk,tenant-ntk,0.1090459860980693,pearson,200,high,weak
round-2,memory_usage,3 - Memory Noise,tenant-mem:tenant-nsy,tenant-mem,tenant-nsy,-0.14705491689136116,pearson,200,high,weak
round-2,memory_usage,3 - Memory Noise,tenant-mem:tenant-ntk,tenant-mem,tenant-ntk,0.04458168970256227,pearson,200,high,weak
round-2,memory_usage,3 - Memory Noise,tenant-nsy:tenant-ntk,tenant-nsy,tenant-ntk,-0.003267720881278007,pearson,200,high,weak
round-2,memory_usage,4 - Network Noise,tenant-cpu:tenant-dsk,tenant-cpu,tenant-dsk,-0.05585163898645601,pearson,195,high,weak
round-2,memory_usage,4 - Network Noise,tenant-cpu:tenant-mem,tenant-cpu,tenant-mem,-0.10418025013676924,pearson,195,high,weak
round-2,memory_usage,4 - Network Noise,tenant-cpu:tenant-nsy,tenant-cpu,tenant-nsy,-0.01960841191269383,pearson,195,high,weak
round-2,memory_usage,4 - Network Noise,tenant-cpu:tenant-ntk,tenant-cpu,tenant-ntk,-0.013163930932026818,pearson,195,high,weak
round-2,memory_usage,4 - Network Noise,tenant-dsk:tenant-mem,tenant-dsk,tenant-mem,-0.14254697446335332,pearson,195,high,weak
round-2,memory_usage,4 - Network Noise,tenant-dsk:tenant-nsy,tenant-dsk,tenant-nsy,0.13252671636498659,pearson,195,high,weak
round-2,memory_usage,4 - Network Noise,tenant-dsk:tenant-ntk,tenant-dsk,tenant-ntk,0.15789604923923956,pearson,195,high,weak
round-2,memory_usage,4 - Network Noise,tenant-mem:tenant-nsy,tenant-mem,tenant-nsy,0.03606065178074127,pearson,195,high,weak
round-2,memory_usage,4 - Network Noise,tenant-mem:tenant-ntk,tenant-mem,tenant-ntk,-0.08396423648475393,pearson,195,high,weak
round-2,memory_usage,4 - Network Noise,tenant-nsy:tenant-ntk,tenant-nsy,tenant-ntk,0.32251361237842774,pearson,195,high,moderate
round-2,memory_usage,5 - Disk Noise,tenant-cpu:tenant-dsk,tenant-cpu,tenant-dsk,-0.08766495602852914,pearson,189,high,weak
round-2,memory_usage,5 - Disk Noise,tenant-cpu:tenant-mem,tenant-cpu,tenant-mem,0.002849967525505801,pearson,189,high,weak
round-2,memory_usage,5 - Disk Noise,tenant-cpu:tenant-nsy,tenant-cpu,tenant-nsy,-0.010066618533148013,pearson,189,high,weak
round-2,memory_usage,5 - Disk Noise,tenant-cpu:tenant-ntk,tenant-cpu,tenant-ntk,0.06555834253916697,pearson,189,high,weak
round-2,memory_usage,5 - Disk Noise,tenant-dsk:tenant-mem,tenant-dsk,tenant-mem,-0.03301228473281566,pearson,189,high,weak
round-2,memory_usage,5 - Disk Noise,tenant-dsk:tenant-nsy,tenant-dsk,tenant-nsy,0.07670139876795236,pearson,189,high,weak
round-2,memory_usage,5 - Disk Noise,tenant-dsk:tenant-ntk,tenant-dsk,tenant-ntk,-0.0757486610183843,pearson,189,high,weak
round-2,memory_usage,5 - Disk Noise,tenant-mem:tenant-nsy,tenant-mem,tenant-nsy,0.13864469190831827,pearson,189,high,weak
round-2,memory_usage,5 - Disk Noise,tenant-mem:tenant-ntk,tenant-mem,tenant-ntk,0.06548799041484811,pearson,189,high,weak
round-2,memory_usage,5 - Disk Noise,tenant-nsy:tenant-ntk,tenant-nsy,tenant-ntk,0.2374150640176031,pearson,189,high,weak
round-2,memory_usage,6 - Combined Noise,tenant-cpu:tenant-dsk,tenant-cpu,tenant-dsk,-0.07865429729801357,pearson,191,high,weak
round-2,memory_usage,6 - Combined Noise,tenant-cpu:tenant-mem,tenant-cpu,tenant-mem,-0.22727731023657663,pearson,191,high,weak
round-2,memory_usage,6 - Combined Noise,tenant-cpu:tenant-nsy,tenant-cpu,tenant-nsy,0.23873780584371831,pearson,191,high,weak
round-2,memory_usage,6 - Combined Noise,tenant-cpu:tenant-ntk,tenant-cpu,tenant-ntk,0.047750267577722286,pearson,191,high,weak
round-2,memory_usage,6 - Combined Noise,tenant-dsk:tenant-mem,tenant-dsk,tenant-mem,-0.05101404308191547,pearson,191,high,weak
round-2,memory_usage,6 - Combined Noise,tenant-dsk:tenant-nsy,tenant-dsk,tenant-nsy,-0.07230581871181108,pearson,191,high,weak
round-2,memory_usage,6 - Combined Noise,tenant-dsk:tenant-ntk,tenant-dsk,tenant-ntk,0.060170271182331626,pearson,191,high,weak
round-2,memory_usage,6 - Combined Noise,tenant-mem:tenant-nsy,tenant-mem,tenant-nsy,-0.3801948805516139,pearson,191,high,moderate
round-2,memory_usage,6 - Combined Noise,tenant-mem:tenant-ntk,tenant-mem,tenant-ntk,-0.049072337962178456,pearson,191,high,weak
round-2,memory_usage,6 - Combined Noise,tenant-nsy:tenant-ntk,tenant-nsy,tenant-ntk,0.18338364714906227,pearson,191,high,weak
round-2,memory_usage,7 - Recovery,tenant-cpu:tenant-dsk,tenant-cpu,tenant-dsk,-0.01524650116135502,pearson,100,high,weak
round-2,memory_usage,7 - Recovery,tenant-cpu:tenant-mem,tenant-cpu,tenant-mem,-0.12345907088930476,pearson,100,high,weak
round-2,memory_usage,7 - Recovery,tenant-cpu:tenant-nsy,tenant-cpu,tenant-nsy,0.790137819722221,pearson,6,low,strong
round-2,memory_usage,7 - Recovery,tenant-cpu:tenant-ntk,tenant-cpu,tenant-ntk,-0.14470342128643385,pearson,100,high,weak
round-2,memory_usage,7 - Recovery,tenant-dsk:tenant-mem,tenant-dsk,tenant-mem,-0.012078259208832825,pearson,100,high,weak
round-2,memory_usage,7 - Recovery,tenant-dsk:tenant-nsy,tenant-dsk,tenant-nsy,-0.46359007941378577,pearson,6,low,moderate
round-2,memory_usage,7 - Recovery,tenant-dsk:tenant-ntk,tenant-dsk,tenant-ntk,-0.2580016924060016,pearson,100,high,weak
round-2,memory_usage,7 - Recovery,tenant-mem:tenant-nsy,tenant-mem,tenant-nsy,0.4780504706142224,pearson,6,low,moderate
round-2,memory_usage,7 - Recovery,tenant-mem:tenant-ntk,tenant-mem,tenant-ntk,0.5101292207119309,pearson,100,high,moderate
round-2,memory_usage,7 - Recovery,tenant-nsy:tenant-ntk,tenant-nsy,tenant-ntk,0.9309782951940864,pearson,6,low,strong
round-3,cpu_usage,1 - Baseline,tenant-cpu:tenant-dsk,tenant-cpu,tenant-dsk,-0.23793156010256564,pearson,97,high,weak
round-3,cpu_usage,1 - Baseline,tenant-cpu:tenant-mem,tenant-cpu,tenant-mem,-0.20683794711918735,pearson,97,high,weak
round-3,cpu_usage,1 - Baseline,tenant-cpu:tenant-ntk,tenant-cpu,tenant-ntk,0.6074105132957898,pearson,97,high,moderate
round-3,cpu_usage,1 - Baseline,tenant-dsk:tenant-mem,tenant-dsk,tenant-mem,0.8776540363910488,pearson,97,high,strong
round-3,cpu_usage,1 - Baseline,tenant-dsk:tenant-ntk,tenant-dsk,tenant-ntk,-0.21449238338438004,pearson,97,high,weak
round-3,cpu_usage,1 - Baseline,tenant-mem:tenant-ntk,tenant-mem,tenant-ntk,-0.17185485096947084,pearson,97,high,weak
round-3,cpu_usage,2 - CPU Noise,tenant-cpu:tenant-dsk,tenant-cpu,tenant-dsk,-0.02682712511436725,pearson,200,high,weak
round-3,cpu_usage,2 - CPU Noise,tenant-cpu:tenant-mem,tenant-cpu,tenant-mem,-0.09263593880600042,pearson,200,high,weak
round-3,cpu_usage,2 - CPU Noise,tenant-cpu:tenant-nsy,tenant-cpu,tenant-nsy,0.05561405692014605,pearson,197,high,weak
round-3,cpu_usage,2 - CPU Noise,tenant-cpu:tenant-ntk,tenant-cpu,tenant-ntk,0.25381540341412745,pearson,200,high,weak
round-3,cpu_usage,2 - CPU Noise,tenant-dsk:tenant-mem,tenant-dsk,tenant-mem,0.3351104690785182,pearson,200,high,moderate
round-3,cpu_usage,2 - CPU Noise,tenant-dsk:tenant-nsy,tenant-dsk,tenant-nsy,0.04837962713739545,pearson,197,high,weak
round-3,cpu_usage,2 - CPU Noise,tenant-dsk:tenant-ntk,tenant-dsk,tenant-ntk,0.2423968439728371,pearson,200,high,weak
round-3,cpu_usage,2 - CPU Noise,tenant-mem:tenant-nsy,tenant-mem,tenant-nsy,0.15829785527577298,pearson,197,high,weak
round-3,cpu_usage,2 - CPU Noise,tenant-mem:tenant-ntk,tenant-mem,tenant-ntk,0.2864052478577608,pearson,200,high,weak
round-3,cpu_usage,2 - CPU Noise,tenant-nsy:tenant-ntk,tenant-nsy,tenant-ntk,0.1562670494653068,pearson,197,high,weak
round-3,cpu_usage,3 - Memory Noise,tenant-cpu:tenant-dsk,tenant-cpu,tenant-dsk,0.10239406771817122,pearson,200,high,weak
round-3,cpu_usage,3 - Memory Noise,tenant-cpu:tenant-mem,tenant-cpu,tenant-mem,0.09681148733218416,pearson,200,high,weak
round-3,cpu_usage,3 - Memory Noise,tenant-cpu:tenant-nsy,tenant-cpu,tenant-nsy,-0.014154099276329242,pearson,200,high,weak
round-3,cpu_usage,3 - Memory Noise,tenant-cpu:tenant-ntk,tenant-cpu,tenant-ntk,0.1266008673963643,pearson,200,high,weak
round-3,cpu_usage,3 - Memory Noise,tenant-dsk:tenant-mem,tenant-dsk,tenant-mem,0.3409996304840492,pearson,200,high,moderate
round-3,cpu_usage,3 - Memory Noise,tenant-dsk:tenant-nsy,tenant-dsk,tenant-nsy,0.17720770321488022,pearson,200,high,weak
round-3,cpu_usage,3 - Memory Noise,tenant-dsk:tenant-ntk,tenant-dsk,tenant-ntk,0.4239841712275492,pearson,200,high,moderate
round-3,cpu_usage,3 - Memory Noise,tenant-mem:tenant-nsy,tenant-mem,tenant-nsy,0.22488664033587535,pearson,200,high,weak
round-3,cpu_usage,3 - Memory Noise,tenant-mem:tenant-ntk,tenant-mem,tenant-ntk,0.45035000442100015,pearson,200,high,moderate
round-3,cpu_usage,3 - Memory Noise,tenant-nsy:tenant-ntk,tenant-nsy,tenant-ntk,0.1790928128703939,pearson,200,high,weak
round-3,cpu_usage,4 - Network Noise,tenant-cpu:tenant-dsk,tenant-cpu,tenant-dsk,0.2619783102754884,pearson,196,high,weak
round-3,cpu_usage,4 - Network Noise,tenant-cpu:tenant-mem,tenant-cpu,tenant-mem,0.26033234093823404,pearson,196,high,weak
round-3,cpu_usage,4 - Network Noise,tenant-cpu:tenant-nsy,tenant-cpu,tenant-nsy,0.2119637652698028,pearson,196,high,weak
round-3,cpu_usage,4 - Network Noise,tenant-cpu:tenant-ntk,tenant-cpu,tenant-ntk,0.21182881375453635,pearson,196,high,weak
round-3,cpu_usage,4 - Network Noise,tenant-dsk:tenant-mem,tenant-dsk,tenant-mem,0.36930697877745716,pearson,196,high,moderate
round-3,cpu_usage,4 - Network Noise,tenant-dsk:tenant-nsy,tenant-dsk,tenant-nsy,0.46443632888633923,pearson,196,high,moderate
round-3,cpu_usage,4 - Network Noise,tenant-dsk:tenant-ntk,tenant-dsk,tenant-ntk,0.32784885255763446,pearson,196,high,moderate
round-3,cpu_usage,4 - Network Noise,tenant-mem:tenant-nsy,tenant-mem,tenant-nsy,0.5190462181726806,pearson,196,high,moderate
round-3,cpu_usage,4 - Network Noise,tenant-mem:tenant-ntk,tenant-mem,tenant-ntk,0.21050650403632767,pearson,196,high,weak
round-3,cpu_usage,4 - Network Noise,tenant-nsy:tenant-ntk,tenant-nsy,tenant-ntk,0.3095442779326833,pearson,196,high,moderate
round-3,cpu_usage,5 - Disk Noise,tenant-cpu:tenant-dsk,tenant-cpu,tenant-dsk,0.15160128847695029,pearson,190,high,weak
round-3,cpu_usage,5 - Disk Noise,tenant-cpu:tenant-mem,tenant-cpu,tenant-mem,0.35774218827729803,pearson,190,high,moderate
round-3,cpu_usage,5 - Disk Noise,tenant-cpu:tenant-nsy,tenant-cpu,tenant-nsy,0.41419222983118786,pearson,190,high,moderate
round-3,cpu_usage,5 - Disk Noise,tenant-cpu:tenant-ntk,tenant-cpu,tenant-ntk,0.27093465490598084,pearson,190,high,weak
round-3,cpu_usage,5 - Disk Noise,tenant-dsk:tenant-mem,tenant-dsk,tenant-mem,0.4304231486386428,pearson,190,high,moderate
round-3,cpu_usage,5 - Disk Noise,tenant-dsk:tenant-nsy,tenant-dsk,tenant-nsy,0.27590964491644315,pearson,190,high,weak
round-3,cpu_usage,5 - Disk Noise,tenant-dsk:tenant-ntk,tenant-dsk,tenant-ntk,0.5780430374866643,pearson,190,high,moderate
round-3,cpu_usage,5 - Disk Noise,tenant-mem:tenant-nsy,tenant-mem,tenant-nsy,0.5489970876924406,pearson,190,high,moderate
round-3,cpu_usage,5 - Disk Noise,tenant-mem:tenant-ntk,tenant-mem,tenant-ntk,0.4848315975371025,pearson,190,high,moderate
round-3,cpu_usage,5 - Disk Noise,tenant-nsy:tenant-ntk,tenant-nsy,tenant-ntk,0.4802818375350655,pearson,190,high,moderate
round-3,cpu_usage,6 - Combined Noise,tenant-cpu:tenant-dsk,tenant-cpu,tenant-dsk,0.14739803389928646,pearson,192,high,weak
round-3,cpu_usage,6 - Combined Noise,tenant-cpu:tenant-mem,tenant-cpu,tenant-mem,0.29859635323866374,pearson,192,high,weak
round-3,cpu_usage,6 - Combined Noise,tenant-cpu:tenant-nsy,tenant-cpu,tenant-nsy,0.15278116200293415,pearson,192,high,weak
round-3,cpu_usage,6 - Combined Noise,tenant-cpu:tenant-ntk,tenant-cpu,tenant-ntk,0.2654401260172645,pearson,192,high,weak
round-3,cpu_usage,6 - Combined Noise,tenant-dsk:tenant-mem,tenant-dsk,tenant-mem,0.44756855374603166,pearson,192,high,moderate
round-3,cpu_usage,6 - Combined Noise,tenant-dsk:tenant-nsy,tenant-dsk,tenant-nsy,0.4839391928188358,pearson,192,high,moderate
round-3,cpu_usage,6 - Combined Noise,tenant-dsk:tenant-ntk,tenant-dsk,tenant-ntk,0.4756727670935175,pearson,192,high,moderate
round-3,cpu_usage,6 - Combined Noise,tenant-mem:tenant-nsy,tenant-mem,tenant-nsy,0.4837538663719957,pearson,192,high,moderate
round-3,cpu_usage,6 - Combined Noise,tenant-mem:tenant-ntk,tenant-mem,tenant-ntk,0.4100265462406334,pearson,192,high,moderate
round-3,cpu_usage,6 - Combined Noise,tenant-nsy:tenant-ntk,tenant-nsy,tenant-ntk,0.4117267500526937,pearson,192,high,moderate
round-3,cpu_usage,7 - Recovery,tenant-cpu:tenant-dsk,tenant-cpu,tenant-dsk,0.13226544634468973,pearson,100,high,weak
round-3,cpu_usage,7 - Recovery,tenant-cpu:tenant-mem,tenant-cpu,tenant-mem,-0.09324765085002541,pearson,100,high,weak
round-3,cpu_usage,7 - Recovery,tenant-cpu:tenant-nsy,tenant-cpu,tenant-nsy,0.7310266939002682,pearson,12,medium,strong
round-3,cpu_usage,7 - Recovery,tenant-cpu:tenant-ntk,tenant-cpu,tenant-ntk,0.09455838628961502,pearson,100,high,weak
round-3,cpu_usage,7 - Recovery,tenant-dsk:tenant-mem,tenant-dsk,tenant-mem,0.2903490696669443,pearson,100,high,weak
round-3,cpu_usage,7 - Recovery,tenant-dsk:tenant-nsy,tenant-dsk,tenant-nsy,-0.2851760959578136,pearson,12,medium,weak
round-3,cpu_usage,7 - Recovery,tenant-dsk:tenant-ntk,tenant-dsk,tenant-ntk,0.2510259940003248,pearson,100,high,weak
round-3,cpu_usage,7 - Recovery,tenant-mem:tenant-nsy,tenant-mem,tenant-nsy,0.22103549865415065,pearson,12,medium,weak
round-3,cpu_usage,7 - Recovery,tenant-mem:tenant-ntk,tenant-mem,tenant-ntk,0.2169248485289946,pearson,100,high,weak
round-3,cpu_usage,7 - Recovery,tenant-nsy:tenant-ntk,tenant-nsy,tenant-ntk,0.45597455155506494,pearson,12,medium,moderate
round-3,memory_usage,1 - Baseline,tenant-cpu:tenant-dsk,tenant-cpu,tenant-dsk,-0.31871151837801026,pearson,99,high,moderate
round-3,memory_usage,1 - Baseline,tenant-cpu:tenant-mem,tenant-cpu,tenant-mem,-0.12904598172818912,pearson,99,high,weak
round-3,memory_usage,1 - Baseline,tenant-cpu:tenant-ntk,tenant-cpu,tenant-ntk,-0.5524957368261098,pearson,99,high,moderate
round-3,memory_usage,1 - Baseline,tenant-dsk:tenant-mem,tenant-dsk,tenant-mem,0.919196543047247,pearson,99,high,strong
round-3,memory_usage,1 - Baseline,tenant-dsk:tenant-ntk,tenant-dsk,tenant-ntk,0.9130393309358513,pearson,99,high,strong
round-3,memory_usage,1 - Baseline,tenant-mem:tenant-ntk,tenant-mem,tenant-ntk,0.7789409237932728,pearson,99,high,strong
round-3,memory_usage,2 - CPU Noise,tenant-cpu:tenant-dsk,tenant-cpu,tenant-dsk,-0.03277025448241569,pearson,200,high,weak
round-3,memory_usage,2 - CPU Noise,tenant-cpu:tenant-mem,tenant-cpu,tenant-mem,0.023677476601851787,pearson,200,high,weak
round-3,memory_usage,2 - CPU Noise,tenant-cpu:tenant-nsy,tenant-cpu,tenant-nsy,0.00933983566258511,pearson,199,high,weak
round-3,memory_usage,2 - CPU Noise,tenant-cpu:tenant-ntk,tenant-cpu,tenant-ntk,0.01991892075556695,pearson,200,high,weak
round-3,memory_usage,2 - CPU Noise,tenant-dsk:tenant-mem,tenant-dsk,tenant-mem,-0.1423203622059689,pearson,200,high,weak
round-3,memory_usage,2 - CPU Noise,tenant-dsk:tenant-nsy,tenant-dsk,tenant-nsy,0.08818264577128526,pearson,199,high,weak
round-3,memory_usage,2 - CPU Noise,tenant-dsk:tenant-ntk,tenant-dsk,tenant-ntk,-0.11443352430768151,pearson,200,high,weak
round-3,memory_usage,2 - CPU Noise,tenant-mem:tenant-nsy,tenant-mem,tenant-nsy,0.06299743604311711,pearson,199,high,weak
round-3,memory_usage,2 - CPU Noise,tenant-mem:tenant-ntk,tenant-mem,tenant-ntk,0.17116336497094928,pearson,200,high,weak
round-3,memory_usage,2 - CPU Noise,tenant-nsy:tenant-ntk,tenant-nsy,tenant-ntk,0.002175601815893151,pearson,199,high,weak
round-3,memory_usage,3 - Memory Noise,tenant-cpu:tenant-dsk,tenant-cpu,tenant-dsk,0.1094160651812987,pearson,200,high,weak
round-3,memory_usage,3 - Memory Noise,tenant-cpu:tenant-mem,tenant-cpu,tenant-mem,0.0321098741488379,pearson,200,high,weak
round-3,memory_usage,3 - Memory Noise,tenant-cpu:tenant-nsy,tenant-cpu,tenant-nsy,0.2383343539570927,pearson,200,high,weak
round-3,memory_usage,3 - Memory Noise,tenant-cpu:tenant-ntk,tenant-cpu,tenant-ntk,-0.12954984702357128,pearson,200,high,weak
round-3,memory_usage,3 - Memory Noise,tenant-dsk:tenant-mem,tenant-dsk,tenant-mem,0.2300063301534519,pearson,200,high,weak
round-3,memory_usage,3 - Memory Noise,tenant-dsk:tenant-nsy,tenant-dsk,tenant-nsy,0.1561583953732922,pearson,200,high,weak
round-3,memory_usage,3 - Memory Noise,tenant-dsk:tenant-ntk,tenant-dsk,tenant-ntk,0.05421914305443097,pearson,200,high,weak
round-3,memory_usage,3 - Memory Noise,tenant-mem:tenant-nsy,tenant-mem,tenant-nsy,0.0879650482274355,pearson,200,high,weak
round-3,memory_usage,3 - Memory Noise,tenant-mem:tenant-ntk,tenant-mem,tenant-ntk,-0.13521176843341673,pearson,200,high,weak
round-3,memory_usage,3 - Memory Noise,tenant-nsy:tenant-ntk,tenant-nsy,tenant-ntk,0.16006962314774162,pearson,200,high,weak
round-3,memory_usage,4 - Network Noise,tenant-cpu:tenant-dsk,tenant-cpu,tenant-dsk,0.08284548932024954,pearson,196,high,weak
round-3,memory_usage,4 - Network Noise,tenant-cpu:tenant-mem,tenant-cpu,tenant-mem,0.035171861624336415,pearson,196,high,weak
round-3,memory_usage,4 - Network Noise,tenant-cpu:tenant-nsy,tenant-cpu,tenant-nsy,0.045176875554046744,pearson,196,high,weak
round-3,memory_usage,4 - Network Noise,tenant-cpu:tenant-ntk,tenant-cpu,tenant-ntk,-0.1098828325585412,pearson,196,high,weak
round-3,memory_usage,4 - Network Noise,tenant-dsk:tenant-mem,tenant-dsk,tenant-mem,-0.031942924705930235,pearson,196,high,weak
round-3,memory_usage,4 - Network Noise,tenant-dsk:tenant-nsy,tenant-dsk,tenant-nsy,-0.011539711369316374,pearson,196,high,weak
round-3,memory_usage,4 - Network Noise,tenant-dsk:tenant-ntk,tenant-dsk,tenant-ntk,0.01569467183518001,pearson,196,high,weak
round-3,memory_usage,4 - Network Noise,tenant-mem:tenant-nsy,tenant-mem,tenant-nsy,-0.43823465825732416,pearson,196,high,moderate
round-3,memory_usage,4 - Network Noise,tenant-mem:tenant-ntk,tenant-mem,tenant-ntk,-0.08351930517471558,pearson,196,high,weak
round-3,memory_usage,4 - Network Noise,tenant-nsy:tenant-ntk,tenant-nsy,tenant-ntk,-0.5883834789417249,pearson,196,high,moderate
round-3,memory_usage,5 - Disk Noise,tenant-cpu:tenant-dsk,tenant-cpu,tenant-dsk,0.008815041553382254,pearson,190,high,weak
round-3,memory_usage,5 - Disk Noise,tenant-cpu:tenant-mem,tenant-cpu,tenant-mem,-0.018070195267713255,pearson,190,high,weak
round-3,memory_usage,5 - Disk Noise,tenant-cpu:tenant-nsy,tenant-cpu,tenant-nsy,-0.01165687755198601,pearson,190,high,weak
round-3,memory_usage,5 - Disk Noise,tenant-cpu:tenant-ntk,tenant-cpu,tenant-ntk,0.12654504664152447,pearson,190,high,weak
round-3,memory_usage,5 - Disk Noise,tenant-dsk:tenant-mem,tenant-dsk,tenant-mem,-0.1194678561298255,pearson,190,high,weak
round-3,memory_usage,5 - Disk Noise,tenant-dsk:tenant-nsy,tenant-dsk,tenant-nsy,0.12071084691963112,pearson,190,high,weak
round-3,memory_usage,5 - Disk Noise,tenant-dsk:tenant-ntk,tenant-dsk,tenant-ntk,0.21756637339915158,pearson,190,high,weak
round-3,memory_usage,5 - Disk Noise,tenant-mem:tenant-nsy,tenant-mem,tenant-nsy,0.23490672978411414,pearson,190,high,weak
round-3,memory_usage,5 - Disk Noise,tenant-mem:tenant-ntk,tenant-mem,tenant-ntk,-0.24938153173127708,pearson,190,high,weak
round-3,memory_usage,5 - Disk Noise,tenant-nsy:tenant-ntk,tenant-nsy,tenant-ntk,-0.0072223312102827715,pearson,190,high,weak
round-3,memory_usage,6 - Combined Noise,tenant-cpu:tenant-dsk,tenant-cpu,tenant-dsk,-0.09137982978717919,pearson,192,high,weak
round-3,memory_usage,6 - Combined Noise,tenant-cpu:tenant-mem,tenant-cpu,tenant-mem,-0.01623712159188832,pearson,192,high,weak
round-3,memory_usage,6 - Combined Noise,tenant-cpu:tenant-nsy,tenant-cpu,tenant-nsy,-0.08689773714408214,pearson,192,high,weak
round-3,memory_usage,6 - Combined Noise,tenant-cpu:tenant-ntk,tenant-cpu,tenant-ntk,-0.06742103910758442,pearson,192,high,weak
round-3,memory_usage,6 - Combined Noise,tenant-dsk:tenant-mem,tenant-dsk,tenant-mem,0.13518037512818432,pearson,192,high,weak
round-3,memory_usage,6 - Combined Noise,tenant-dsk:tenant-nsy,tenant-dsk,tenant-nsy,0.04399046325414702,pearson,192,high,weak
round-3,memory_usage,6 - Combined Noise,tenant-dsk:tenant-ntk,tenant-dsk,tenant-ntk,-0.029368224628625313,pearson,192,high,weak
round-3,memory_usage,6 - Combined Noise,tenant-mem:tenant-nsy,tenant-mem,tenant-nsy,0.1936874321094749,pearson,192,high,weak
round-3,memory_usage,6 - Combined Noise,tenant-mem:tenant-ntk,tenant-mem,tenant-ntk,0.07692204906595741,pearson,192,high,weak
round-3,memory_usage,6 - Combined Noise,tenant-nsy:tenant-ntk,tenant-nsy,tenant-ntk,-0.06538929308312308,pearson,192,high,weak
round-3,memory_usage,7 - Recovery,tenant-cpu:tenant-dsk,tenant-cpu,tenant-dsk,-0.035991918696898856,pearson,100,high,weak
round-3,memory_usage,7 - Recovery,tenant-cpu:tenant-mem,tenant-cpu,tenant-mem,-0.18384463882287203,pearson,100,high,weak
round-3,memory_usage,7 - Recovery,tenant-cpu:tenant-nsy,tenant-cpu,tenant-nsy,-0.7896555143341251,pearson,6,low,strong
round-3,memory_usage,7 - Recovery,tenant-cpu:tenant-ntk,tenant-cpu,tenant-ntk,-0.11706828960492087,pearson,100,high,weak
round-3,memory_usage,7 - Recovery,tenant-dsk:tenant-mem,tenant-dsk,tenant-mem,0.13711457798982826,pearson,100,high,weak
round-3,memory_usage,7 - Recovery,tenant-dsk:tenant-nsy,tenant-dsk,tenant-nsy,0.09226105815960046,pearson,6,low,weak
round-3,memory_usage,7 - Recovery,tenant-dsk:tenant-ntk,tenant-dsk,tenant-ntk,-0.09046506976245638,pearson,100,high,weak
round-3,memory_usage,7 - Recovery,tenant-mem:tenant-nsy,tenant-mem,tenant-nsy,0.7091271203087445,pearson,6,low,strong
round-3,memory_usage,7 - Recovery,tenant-mem:tenant-ntk,tenant-mem,tenant-ntk,-0.2585320707292927,pearson,100,high,weak
round-3,memory_usage,7 - Recovery,tenant-nsy:tenant-ntk,tenant-nsy,tenant-ntk,-0.3062066359068612,pearson,6,low,moderate
