tenant1,tenant2,correlation,metric,phase,round_id
tenant-cpu,tenant-dsk,0.2791586860439136,cpu_usage,1-Baseline,round-4
tenant-cpu,tenant-mem,0.2305175476727535,cpu_usage,1-Baseline,round-4
tenant-cpu,tenant-ntk,0.1222871051016903,cpu_usage,1-Baseline,round-4
tenant-dsk,tenant-mem,0.1634953605931761,cpu_usage,1-Baseline,round-4
tenant-dsk,tenant-ntk,0.08210969499905735,cpu_usage,1-Baseline,round-4
tenant-mem,tenant-ntk,0.27437074469173217,cpu_usage,1-Baseline,round-4
tenant-cpu,tenant-dsk,0.2650834624474231,cpu_usage,2-CPU-Noise,round-4
tenant-cpu,tenant-mem,0.5617077452282043,cpu_usage,2-CPU-Noise,round-4
tenant-cpu,tenant-nsy,-0.4580509713546973,cpu_usage,2-CPU-Noise,round-4
tenant-cpu,tenant-ntk,0.2243103128635259,cpu_usage,2-CPU-Noise,round-4
tenant-dsk,tenant-mem,0.35086975214635174,cpu_usage,2-CPU-Noise,round-4
tenant-dsk,tenant-nsy,-0.2196828026766623,cpu_usage,2-CPU-Noise,round-4
tenant-dsk,tenant-ntk,0.36048932378609855,cpu_usage,2-CPU-Noise,round-4
tenant-mem,tenant-nsy,-0.47500043346370935,cpu_usage,2-CPU-Noise,round-4
tenant-mem,tenant-ntk,0.3310993558866711,cpu_usage,2-CPU-Noise,round-4
tenant-nsy,tenant-ntk,0.04538384348648757,cpu_usage,2-CPU-Noise,round-4
tenant-cpu,tenant-dsk,0.1391316635261481,cpu_usage,3-Memory-Noise,round-4
tenant-cpu,tenant-mem,0.37532469242484046,cpu_usage,3-Memory-Noise,round-4
tenant-cpu,tenant-nsy,-0.253699243029894,cpu_usage,3-Memory-Noise,round-4
tenant-cpu,tenant-ntk,0.23068687897872264,cpu_usage,3-Memory-Noise,round-4
tenant-dsk,tenant-mem,0.07707297946493807,cpu_usage,3-Memory-Noise,round-4
tenant-dsk,tenant-nsy,-0.01819654692033187,cpu_usage,3-Memory-Noise,round-4
tenant-dsk,tenant-ntk,0.34250522436385655,cpu_usage,3-Memory-Noise,round-4
tenant-mem,tenant-nsy,-0.2510828778809609,cpu_usage,3-Memory-Noise,round-4
tenant-mem,tenant-ntk,0.23398620194850558,cpu_usage,3-Memory-Noise,round-4
tenant-nsy,tenant-ntk,0.18664736870769671,cpu_usage,3-Memory-Noise,round-4
tenant-cpu,tenant-dsk,0.155954744380364,cpu_usage,4-Network-Noise,round-4
tenant-cpu,tenant-mem,0.6932873730527607,cpu_usage,4-Network-Noise,round-4
tenant-cpu,tenant-nsy,-0.57596225880728,cpu_usage,4-Network-Noise,round-4
tenant-cpu,tenant-ntk,0.3811922443813206,cpu_usage,4-Network-Noise,round-4
tenant-dsk,tenant-mem,0.10782165333708219,cpu_usage,4-Network-Noise,round-4
tenant-dsk,tenant-nsy,0.1408257629627111,cpu_usage,4-Network-Noise,round-4
tenant-dsk,tenant-ntk,0.36641612540739976,cpu_usage,4-Network-Noise,round-4
tenant-mem,tenant-nsy,-0.5958461264450862,cpu_usage,4-Network-Noise,round-4
tenant-mem,tenant-ntk,0.3736668983898769,cpu_usage,4-Network-Noise,round-4
tenant-nsy,tenant-ntk,0.05698910297561171,cpu_usage,4-Network-Noise,round-4
tenant-cpu,tenant-dsk,0.23150205343315133,cpu_usage,5-Disk-Noise,round-4
tenant-cpu,tenant-mem,0.4010268386004532,cpu_usage,5-Disk-Noise,round-4
tenant-cpu,tenant-nsy,0.16766607571088357,cpu_usage,5-Disk-Noise,round-4
tenant-cpu,tenant-ntk,0.269122695749317,cpu_usage,5-Disk-Noise,round-4
tenant-dsk,tenant-mem,0.048233940723545546,cpu_usage,5-Disk-Noise,round-4
tenant-dsk,tenant-nsy,0.2800040562932273,cpu_usage,5-Disk-Noise,round-4
tenant-dsk,tenant-ntk,0.21603249731554908,cpu_usage,5-Disk-Noise,round-4
tenant-mem,tenant-nsy,0.20987396362552144,cpu_usage,5-Disk-Noise,round-4
tenant-mem,tenant-ntk,0.3578042358521772,cpu_usage,5-Disk-Noise,round-4
tenant-nsy,tenant-ntk,0.25052769112170137,cpu_usage,5-Disk-Noise,round-4
tenant-cpu,tenant-dsk,0.5068923057668604,cpu_usage,6-Combined-Noise,round-4
tenant-cpu,tenant-mem,0.6352932606437746,cpu_usage,6-Combined-Noise,round-4
tenant-cpu,tenant-nsy,-0.3360223660413781,cpu_usage,6-Combined-Noise,round-4
tenant-cpu,tenant-ntk,0.33107822712347884,cpu_usage,6-Combined-Noise,round-4
tenant-dsk,tenant-mem,0.40001006121593047,cpu_usage,6-Combined-Noise,round-4
tenant-dsk,tenant-nsy,-0.5558612691844577,cpu_usage,6-Combined-Noise,round-4
tenant-dsk,tenant-ntk,0.5052882035424247,cpu_usage,6-Combined-Noise,round-4
tenant-mem,tenant-nsy,-0.3872773768543226,cpu_usage,6-Combined-Noise,round-4
tenant-mem,tenant-ntk,0.17399275607310988,cpu_usage,6-Combined-Noise,round-4
tenant-nsy,tenant-ntk,-0.10645420915238511,cpu_usage,6-Combined-Noise,round-4
tenant-cpu,tenant-dsk,0.4300869742157952,cpu_usage,7-Recovery,round-4
tenant-cpu,tenant-mem,0.7809938041217547,cpu_usage,7-Recovery,round-4
tenant-cpu,tenant-nsy,-0.7864316078672682,cpu_usage,7-Recovery,round-4
tenant-cpu,tenant-ntk,0.4187539244723037,cpu_usage,7-Recovery,round-4
tenant-dsk,tenant-mem,0.356498381484519,cpu_usage,7-Recovery,round-4
tenant-dsk,tenant-nsy,-0.34458264364642344,cpu_usage,7-Recovery,round-4
tenant-dsk,tenant-ntk,0.4782294595194407,cpu_usage,7-Recovery,round-4
tenant-mem,tenant-nsy,-0.7675868157847855,cpu_usage,7-Recovery,round-4
tenant-mem,tenant-ntk,0.36532850506116976,cpu_usage,7-Recovery,round-4
tenant-nsy,tenant-ntk,-0.18206830399489857,cpu_usage,7-Recovery,round-4
tenant-cpu,tenant-dsk,0.17409606438091024,memory_usage,1-Baseline,round-4
tenant-cpu,tenant-mem,0.04160705231975896,memory_usage,1-Baseline,round-4
tenant-cpu,tenant-ntk,-0.021751322558547444,memory_usage,1-Baseline,round-4
tenant-dsk,tenant-mem,-0.0691808857831663,memory_usage,1-Baseline,round-4
tenant-dsk,tenant-ntk,0.04148788174268357,memory_usage,1-Baseline,round-4
tenant-mem,tenant-ntk,-0.01590401022003541,memory_usage,1-Baseline,round-4
tenant-cpu,tenant-dsk,0.13452410611701085,memory_usage,2-CPU-Noise,round-4
tenant-cpu,tenant-mem,-0.11997945364525733,memory_usage,2-CPU-Noise,round-4
tenant-cpu,tenant-nsy,0.026118989297355774,memory_usage,2-CPU-Noise,round-4
tenant-cpu,tenant-ntk,0.11765733831185715,memory_usage,2-CPU-Noise,round-4
tenant-dsk,tenant-mem,0.015160983461253651,memory_usage,2-CPU-Noise,round-4
tenant-dsk,tenant-nsy,-0.11112097458176867,memory_usage,2-CPU-Noise,round-4
tenant-dsk,tenant-ntk,-0.07837680164024294,memory_usage,2-CPU-Noise,round-4
tenant-mem,tenant-nsy,0.11569477112393405,memory_usage,2-CPU-Noise,round-4
tenant-mem,tenant-ntk,-0.03620697653619272,memory_usage,2-CPU-Noise,round-4
tenant-nsy,tenant-ntk,0.03475790279597853,memory_usage,2-CPU-Noise,round-4
tenant-cpu,tenant-dsk,0.06612361701900232,memory_usage,3-Memory-Noise,round-4
tenant-cpu,tenant-mem,-0.10653284154874887,memory_usage,3-Memory-Noise,round-4
tenant-cpu,tenant-nsy,-0.2241641211609518,memory_usage,3-Memory-Noise,round-4
tenant-cpu,tenant-ntk,0.11526740162949091,memory_usage,3-Memory-Noise,round-4
tenant-dsk,tenant-mem,-0.17917554296613383,memory_usage,3-Memory-Noise,round-4
tenant-dsk,tenant-nsy,0.04517864276155799,memory_usage,3-Memory-Noise,round-4
tenant-dsk,tenant-ntk,-0.01173817733211944,memory_usage,3-Memory-Noise,round-4
tenant-mem,tenant-nsy,0.025459011807819256,memory_usage,3-Memory-Noise,round-4
tenant-mem,tenant-ntk,0.13359828450231592,memory_usage,3-Memory-Noise,round-4
tenant-nsy,tenant-ntk,0.03950698783558592,memory_usage,3-Memory-Noise,round-4
tenant-cpu,tenant-dsk,-0.16815304038436962,memory_usage,4-Network-Noise,round-4
tenant-cpu,tenant-mem,0.10173243864860435,memory_usage,4-Network-Noise,round-4
tenant-cpu,tenant-nsy,0.05625272343367578,memory_usage,4-Network-Noise,round-4
tenant-cpu,tenant-ntk,0.00563809842074945,memory_usage,4-Network-Noise,round-4
tenant-dsk,tenant-mem,-0.06116815770744074,memory_usage,4-Network-Noise,round-4
tenant-dsk,tenant-nsy,-0.14362673180888508,memory_usage,4-Network-Noise,round-4
tenant-dsk,tenant-ntk,-0.15573913749070306,memory_usage,4-Network-Noise,round-4
tenant-mem,tenant-nsy,-0.11079163028167387,memory_usage,4-Network-Noise,round-4
tenant-mem,tenant-ntk,0.029553880325912767,memory_usage,4-Network-Noise,round-4
tenant-nsy,tenant-ntk,-0.08507161199607102,memory_usage,4-Network-Noise,round-4
tenant-cpu,tenant-dsk,-0.01417107591368295,memory_usage,5-Disk-Noise,round-4
tenant-cpu,tenant-mem,0.06381216794764197,memory_usage,5-Disk-Noise,round-4
tenant-cpu,tenant-nsy,0.029043907284583087,memory_usage,5-Disk-Noise,round-4
tenant-cpu,tenant-ntk,-0.11586967290353803,memory_usage,5-Disk-Noise,round-4
tenant-dsk,tenant-mem,0.0681031999923432,memory_usage,5-Disk-Noise,round-4
tenant-dsk,tenant-nsy,0.058078793608554787,memory_usage,5-Disk-Noise,round-4
tenant-dsk,tenant-ntk,-0.014089216626439523,memory_usage,5-Disk-Noise,round-4
tenant-mem,tenant-nsy,0.13372783992257936,memory_usage,5-Disk-Noise,round-4
tenant-mem,tenant-ntk,0.15285614670376188,memory_usage,5-Disk-Noise,round-4
tenant-nsy,tenant-ntk,0.007799350992054536,memory_usage,5-Disk-Noise,round-4
tenant-cpu,tenant-dsk,0.1989724020576408,memory_usage,6-Combined-Noise,round-4
tenant-cpu,tenant-mem,0.05623097608195235,memory_usage,6-Combined-Noise,round-4
tenant-cpu,tenant-nsy,-0.026281877347289276,memory_usage,6-Combined-Noise,round-4
tenant-cpu,tenant-ntk,0.07028998307247157,memory_usage,6-Combined-Noise,round-4
tenant-dsk,tenant-mem,-0.05994349040723291,memory_usage,6-Combined-Noise,round-4
tenant-dsk,tenant-nsy,0.02784834499596136,memory_usage,6-Combined-Noise,round-4
tenant-dsk,tenant-ntk,-0.07659048060886076,memory_usage,6-Combined-Noise,round-4
tenant-mem,tenant-nsy,-0.13064058245738905,memory_usage,6-Combined-Noise,round-4
tenant-mem,tenant-ntk,0.07385529413906902,memory_usage,6-Combined-Noise,round-4
tenant-nsy,tenant-ntk,-0.17211315681263298,memory_usage,6-Combined-Noise,round-4
tenant-cpu,tenant-dsk,-0.14897305279936288,memory_usage,7-Recovery,round-4
tenant-cpu,tenant-mem,0.007743210165607782,memory_usage,7-Recovery,round-4
tenant-cpu,tenant-nsy,-0.02165630409238686,memory_usage,7-Recovery,round-4
tenant-cpu,tenant-ntk,0.0036027039293804104,memory_usage,7-Recovery,round-4
tenant-dsk,tenant-mem,0.0002396525961378048,memory_usage,7-Recovery,round-4
tenant-dsk,tenant-nsy,0.00887864235555813,memory_usage,7-Recovery,round-4
tenant-dsk,tenant-ntk,0.07570517908443805,memory_usage,7-Recovery,round-4
tenant-mem,tenant-nsy,-0.17620335318542832,memory_usage,7-Recovery,round-4
tenant-mem,tenant-ntk,0.005260708452303174,memory_usage,7-Recovery,round-4
tenant-nsy,tenant-ntk,0.0661309105538986,memory_usage,7-Recovery,round-4
tenant-cpu,tenant-dsk,0.3139820523389361,network_throughput,1-Baseline,round-4
tenant-cpu,tenant-mem,0.20191008144728245,network_throughput,1-Baseline,round-4
tenant-cpu,tenant-ntk,0.08497518994521117,network_throughput,1-Baseline,round-4
tenant-dsk,tenant-mem,0.4600613341422371,network_throughput,1-Baseline,round-4
tenant-dsk,tenant-ntk,-0.05157740567236605,network_throughput,1-Baseline,round-4
tenant-mem,tenant-ntk,0.052136063114628727,network_throughput,1-Baseline,round-4
tenant-cpu,tenant-dsk,0.21024421490844855,network_throughput,2-CPU-Noise,round-4
tenant-cpu,tenant-mem,0.27395957814128014,network_throughput,2-CPU-Noise,round-4
tenant-cpu,tenant-nsy,0.05253253186455984,network_throughput,2-CPU-Noise,round-4
tenant-cpu,tenant-ntk,0.09152105414942974,network_throughput,2-CPU-Noise,round-4
tenant-dsk,tenant-mem,0.20127402970993094,network_throughput,2-CPU-Noise,round-4
tenant-dsk,tenant-nsy,0.1947110943839095,network_throughput,2-CPU-Noise,round-4
tenant-dsk,tenant-ntk,0.20118446063270065,network_throughput,2-CPU-Noise,round-4
tenant-mem,tenant-nsy,0.31856498794127186,network_throughput,2-CPU-Noise,round-4
tenant-mem,tenant-ntk,0.08994387948983215,network_throughput,2-CPU-Noise,round-4
tenant-nsy,tenant-ntk,0.023793095710054085,network_throughput,2-CPU-Noise,round-4
tenant-cpu,tenant-dsk,0.04250377885002884,network_throughput,3-Memory-Noise,round-4
tenant-cpu,tenant-mem,0.27674993281134425,network_throughput,3-Memory-Noise,round-4
tenant-cpu,tenant-nsy,0.12665905179961437,network_throughput,3-Memory-Noise,round-4
tenant-cpu,tenant-ntk,-0.05613934275584676,network_throughput,3-Memory-Noise,round-4
tenant-dsk,tenant-mem,0.1815384482062185,network_throughput,3-Memory-Noise,round-4
tenant-dsk,tenant-nsy,0.161394305784317,network_throughput,3-Memory-Noise,round-4
tenant-dsk,tenant-ntk,-0.016948380998511457,network_throughput,3-Memory-Noise,round-4
tenant-mem,tenant-nsy,0.15486653972699002,network_throughput,3-Memory-Noise,round-4
tenant-mem,tenant-ntk,-0.05454683997498411,network_throughput,3-Memory-Noise,round-4
tenant-nsy,tenant-ntk,0.24537418236790168,network_throughput,3-Memory-Noise,round-4
tenant-cpu,tenant-dsk,0.290820711476993,network_throughput,4-Network-Noise,round-4
tenant-cpu,tenant-mem,0.15405238654420614,network_throughput,4-Network-Noise,round-4
tenant-cpu,tenant-nsy,0.017837271300238808,network_throughput,4-Network-Noise,round-4
tenant-cpu,tenant-ntk,0.20289638664679888,network_throughput,4-Network-Noise,round-4
tenant-dsk,tenant-mem,0.0998580334612817,network_throughput,4-Network-Noise,round-4
tenant-dsk,tenant-nsy,-0.08602905273444554,network_throughput,4-Network-Noise,round-4
tenant-dsk,tenant-ntk,0.24254062623097702,network_throughput,4-Network-Noise,round-4
tenant-mem,tenant-nsy,-0.00536183058859003,network_throughput,4-Network-Noise,round-4
tenant-mem,tenant-ntk,0.06988509724429519,network_throughput,4-Network-Noise,round-4
tenant-nsy,tenant-ntk,-0.17349936073070166,network_throughput,4-Network-Noise,round-4
tenant-cpu,tenant-dsk,0.0955628158103526,network_throughput,5-Disk-Noise,round-4
tenant-cpu,tenant-mem,0.33900520298760073,network_throughput,5-Disk-Noise,round-4
tenant-cpu,tenant-nsy,0.027501973461957943,network_throughput,5-Disk-Noise,round-4
tenant-cpu,tenant-ntk,0.15699134348137495,network_throughput,5-Disk-Noise,round-4
tenant-dsk,tenant-mem,0.19576444188058198,network_throughput,5-Disk-Noise,round-4
tenant-dsk,tenant-nsy,-0.04162516772312581,network_throughput,5-Disk-Noise,round-4
tenant-dsk,tenant-ntk,0.11620608806771204,network_throughput,5-Disk-Noise,round-4
tenant-mem,tenant-nsy,0.06447291429443193,network_throughput,5-Disk-Noise,round-4
tenant-mem,tenant-ntk,0.05954566568754279,network_throughput,5-Disk-Noise,round-4
tenant-nsy,tenant-ntk,0.04419963131161903,network_throughput,5-Disk-Noise,round-4
tenant-cpu,tenant-dsk,0.435081506416174,network_throughput,6-Combined-Noise,round-4
tenant-cpu,tenant-mem,0.5988039490279718,network_throughput,6-Combined-Noise,round-4
tenant-cpu,tenant-nsy,-0.4299961311110221,network_throughput,6-Combined-Noise,round-4
tenant-cpu,tenant-ntk,0.5649204549231143,network_throughput,6-Combined-Noise,round-4
tenant-dsk,tenant-mem,0.5078178796360809,network_throughput,6-Combined-Noise,round-4
tenant-dsk,tenant-nsy,-0.34110143359014905,network_throughput,6-Combined-Noise,round-4
tenant-dsk,tenant-ntk,0.4667089590778348,network_throughput,6-Combined-Noise,round-4
tenant-mem,tenant-nsy,-0.4998238944059485,network_throughput,6-Combined-Noise,round-4
tenant-mem,tenant-ntk,0.6162972198098733,network_throughput,6-Combined-Noise,round-4
tenant-nsy,tenant-ntk,-0.3635586019788546,network_throughput,6-Combined-Noise,round-4
tenant-cpu,tenant-dsk,0.21248596268270023,network_throughput,7-Recovery,round-4
tenant-cpu,tenant-mem,0.27070489423820016,network_throughput,7-Recovery,round-4
tenant-cpu,tenant-nsy,-0.2655248574333012,network_throughput,7-Recovery,round-4
tenant-cpu,tenant-ntk,0.2132245509487845,network_throughput,7-Recovery,round-4
tenant-dsk,tenant-mem,0.18905600649095344,network_throughput,7-Recovery,round-4
tenant-dsk,tenant-nsy,-0.2868869290442394,network_throughput,7-Recovery,round-4
tenant-dsk,tenant-ntk,0.30449620699081004,network_throughput,7-Recovery,round-4
tenant-mem,tenant-nsy,-0.3408616684487496,network_throughput,7-Recovery,round-4
tenant-mem,tenant-ntk,0.24434199559207753,network_throughput,7-Recovery,round-4
tenant-nsy,tenant-ntk,-0.3763617656133601,network_throughput,7-Recovery,round-4
tenant-cpu,tenant-dsk,0.44233245416710165,disk_io_total,1-Baseline,round-4
tenant-cpu,tenant-mem,0.27196845115294677,disk_io_total,1-Baseline,round-4
tenant-cpu,tenant-ntk,0.09606039802812516,disk_io_total,1-Baseline,round-4
tenant-dsk,tenant-mem,0.1514857096825267,disk_io_total,1-Baseline,round-4
tenant-dsk,tenant-ntk,-0.16065376404954476,disk_io_total,1-Baseline,round-4
tenant-mem,tenant-ntk,0.06379184463625223,disk_io_total,1-Baseline,round-4
tenant-cpu,tenant-dsk,0.27230923099313753,disk_io_total,2-CPU-Noise,round-4
tenant-cpu,tenant-mem,0.30061470731498663,disk_io_total,2-CPU-Noise,round-4
tenant-cpu,tenant-nsy,0.18624694220912258,disk_io_total,2-CPU-Noise,round-4
tenant-cpu,tenant-ntk,0.27250078766559016,disk_io_total,2-CPU-Noise,round-4
tenant-dsk,tenant-mem,0.31402797932824206,disk_io_total,2-CPU-Noise,round-4
tenant-dsk,tenant-nsy,0.06464698914144534,disk_io_total,2-CPU-Noise,round-4
tenant-dsk,tenant-ntk,0.24630173685822668,disk_io_total,2-CPU-Noise,round-4
tenant-mem,tenant-nsy,0.06563782485367356,disk_io_total,2-CPU-Noise,round-4
tenant-mem,tenant-ntk,0.1657746268345351,disk_io_total,2-CPU-Noise,round-4
tenant-nsy,tenant-ntk,0.07705589013751682,disk_io_total,2-CPU-Noise,round-4
tenant-cpu,tenant-dsk,0.08849306706343645,disk_io_total,3-Memory-Noise,round-4
tenant-cpu,tenant-mem,0.14471750119367763,disk_io_total,3-Memory-Noise,round-4
tenant-cpu,tenant-nsy,0.2271235900070286,disk_io_total,3-Memory-Noise,round-4
tenant-cpu,tenant-ntk,0.11693849961561639,disk_io_total,3-Memory-Noise,round-4
tenant-dsk,tenant-mem,0.10947296299581608,disk_io_total,3-Memory-Noise,round-4
tenant-dsk,tenant-nsy,0.11617706275308962,disk_io_total,3-Memory-Noise,round-4
tenant-dsk,tenant-ntk,0.2007463774980019,disk_io_total,3-Memory-Noise,round-4
tenant-mem,tenant-nsy,-0.037842602302305704,disk_io_total,3-Memory-Noise,round-4
tenant-mem,tenant-ntk,0.22556513374271744,disk_io_total,3-Memory-Noise,round-4
tenant-nsy,tenant-ntk,0.1366145343453234,disk_io_total,3-Memory-Noise,round-4
tenant-cpu,tenant-dsk,0.34332390916196776,disk_io_total,4-Network-Noise,round-4
tenant-cpu,tenant-mem,0.36376526799023984,disk_io_total,4-Network-Noise,round-4
tenant-cpu,tenant-nsy,0.2708569485477072,disk_io_total,4-Network-Noise,round-4
tenant-cpu,tenant-ntk,0.0980675968217841,disk_io_total,4-Network-Noise,round-4
tenant-dsk,tenant-mem,0.19857679709346712,disk_io_total,4-Network-Noise,round-4
tenant-dsk,tenant-nsy,0.11484174712131959,disk_io_total,4-Network-Noise,round-4
tenant-dsk,tenant-ntk,0.08813404466622862,disk_io_total,4-Network-Noise,round-4
tenant-mem,tenant-nsy,0.11796604408564687,disk_io_total,4-Network-Noise,round-4
tenant-mem,tenant-ntk,0.113410450470177,disk_io_total,4-Network-Noise,round-4
tenant-nsy,tenant-ntk,0.33815837620270334,disk_io_total,4-Network-Noise,round-4
tenant-cpu,tenant-dsk,0.07789149364703786,disk_io_total,5-Disk-Noise,round-4
tenant-cpu,tenant-mem,0.25824330112332694,disk_io_total,5-Disk-Noise,round-4
tenant-cpu,tenant-nsy,0.0036667145363550573,disk_io_total,5-Disk-Noise,round-4
tenant-cpu,tenant-ntk,0.07246315597365105,disk_io_total,5-Disk-Noise,round-4
tenant-dsk,tenant-mem,-0.0016447332338455545,disk_io_total,5-Disk-Noise,round-4
tenant-dsk,tenant-nsy,0.6218678185430647,disk_io_total,5-Disk-Noise,round-4
tenant-dsk,tenant-ntk,-0.01278323108356863,disk_io_total,5-Disk-Noise,round-4
tenant-mem,tenant-nsy,-0.02098368460155314,disk_io_total,5-Disk-Noise,round-4
tenant-mem,tenant-ntk,0.12448786897942704,disk_io_total,5-Disk-Noise,round-4
tenant-nsy,tenant-ntk,-0.09547970041847013,disk_io_total,5-Disk-Noise,round-4
tenant-cpu,tenant-dsk,0.44249476946137034,disk_io_total,6-Combined-Noise,round-4
tenant-cpu,tenant-mem,0.6756308462345225,disk_io_total,6-Combined-Noise,round-4
tenant-cpu,tenant-nsy,0.3860922746232178,disk_io_total,6-Combined-Noise,round-4
tenant-cpu,tenant-ntk,0.5575578252820818,disk_io_total,6-Combined-Noise,round-4
tenant-dsk,tenant-mem,0.40225483810013596,disk_io_total,6-Combined-Noise,round-4
tenant-dsk,tenant-nsy,0.6829748247191723,disk_io_total,6-Combined-Noise,round-4
tenant-dsk,tenant-ntk,0.46379149570844913,disk_io_total,6-Combined-Noise,round-4
tenant-mem,tenant-nsy,0.3235918307672608,disk_io_total,6-Combined-Noise,round-4
tenant-mem,tenant-ntk,0.7306558034250238,disk_io_total,6-Combined-Noise,round-4
tenant-nsy,tenant-ntk,0.4087360146254614,disk_io_total,6-Combined-Noise,round-4
tenant-cpu,tenant-dsk,0.22560806616678022,disk_io_total,7-Recovery,round-4
tenant-cpu,tenant-mem,0.329437531177098,disk_io_total,7-Recovery,round-4
tenant-cpu,tenant-nsy,-0.2672085592803039,disk_io_total,7-Recovery,round-4
tenant-cpu,tenant-ntk,0.41484207143899027,disk_io_total,7-Recovery,round-4
tenant-dsk,tenant-mem,0.4109980539022888,disk_io_total,7-Recovery,round-4
tenant-dsk,tenant-nsy,-0.5829119368872745,disk_io_total,7-Recovery,round-4
tenant-dsk,tenant-ntk,0.23304185389326013,disk_io_total,7-Recovery,round-4
tenant-mem,tenant-nsy,-0.470075092199679,disk_io_total,7-Recovery,round-4
tenant-mem,tenant-ntk,0.3232029663072141,disk_io_total,7-Recovery,round-4
tenant-nsy,tenant-ntk,-0.2675980270300331,disk_io_total,7-Recovery,round-4
