target,source,p-value,metric,phase,round_id,score
tenant-cpu,tenant-dsk,,cpu_usage,1-Baseline,round-8,0.17902419139435527
tenant-cpu,tenant-mem,,cpu_usage,1-Baseline,round-8,0.22088824986376507
tenant-cpu,tenant-ntk,,cpu_usage,1-Baseline,round-8,0.19331667381834725
tenant-dsk,tenant-cpu,,cpu_usage,1-Baseline,round-8,0.17021222801937846
tenant-dsk,tenant-mem,,cpu_usage,1-Baseline,round-8,0.15621397189050568
tenant-dsk,tenant-ntk,,cpu_usage,1-Baseline,round-8,0.11778099256903406
tenant-mem,tenant-cpu,,cpu_usage,1-Baseline,round-8,0.17626364260224722
tenant-mem,tenant-dsk,,cpu_usage,1-Baseline,round-8,0.18664809771595753
tenant-mem,tenant-ntk,,cpu_usage,1-Baseline,round-8,0.14709325047772534
tenant-ntk,tenant-cpu,,cpu_usage,1-Baseline,round-8,0.12010892278828927
tenant-ntk,tenant-dsk,,cpu_usage,1-Baseline,round-8,0.09057654285097853
tenant-ntk,tenant-mem,,cpu_usage,1-Baseline,round-8,0.08713284120763351
tenant-cpu,tenant-dsk,,cpu_usage,2-CPU-Noise,round-8,0.1625190221574785
tenant-cpu,tenant-mem,,cpu_usage,2-CPU-Noise,round-8,0.15627402129178136
tenant-cpu,tenant-nsy,,cpu_usage,2-CPU-Noise,round-8,0.15092269019056248
tenant-cpu,tenant-ntk,,cpu_usage,2-CPU-Noise,round-8,0.20116161617948278
tenant-dsk,tenant-cpu,,cpu_usage,2-CPU-Noise,round-8,0.2473408670903271
tenant-dsk,tenant-mem,,cpu_usage,2-CPU-Noise,round-8,0.26660336478235175
tenant-dsk,tenant-nsy,,cpu_usage,2-CPU-Noise,round-8,0.18688071826092842
tenant-dsk,tenant-ntk,,cpu_usage,2-CPU-Noise,round-8,0.2964546210481274
tenant-mem,tenant-cpu,,cpu_usage,2-CPU-Noise,round-8,0.09503262720925754
tenant-mem,tenant-dsk,,cpu_usage,2-CPU-Noise,round-8,0.17372826994285454
tenant-mem,tenant-nsy,,cpu_usage,2-CPU-Noise,round-8,0.1059664360996914
tenant-mem,tenant-ntk,,cpu_usage,2-CPU-Noise,round-8,0.15884429488030447
tenant-nsy,tenant-cpu,,cpu_usage,2-CPU-Noise,round-8,0.08547136374527478
tenant-nsy,tenant-dsk,,cpu_usage,2-CPU-Noise,round-8,0.07970395402224469
tenant-nsy,tenant-mem,,cpu_usage,2-CPU-Noise,round-8,0.07108751042740295
tenant-nsy,tenant-ntk,,cpu_usage,2-CPU-Noise,round-8,0.11526135284636395
tenant-ntk,tenant-cpu,,cpu_usage,2-CPU-Noise,round-8,0.3135280515292964
tenant-ntk,tenant-dsk,,cpu_usage,2-CPU-Noise,round-8,0.3370434831641919
tenant-ntk,tenant-mem,,cpu_usage,2-CPU-Noise,round-8,0.2697781624841757
tenant-ntk,tenant-nsy,,cpu_usage,2-CPU-Noise,round-8,0.2349124704639691
tenant-cpu,tenant-dsk,,cpu_usage,3-Memory-Noise,round-8,0.1888745642159048
tenant-cpu,tenant-mem,,cpu_usage,3-Memory-Noise,round-8,0.15595168928777953
tenant-cpu,tenant-nsy,,cpu_usage,3-Memory-Noise,round-8,0.13556558281228015
tenant-cpu,tenant-ntk,,cpu_usage,3-Memory-Noise,round-8,0.24358021561016463
tenant-dsk,tenant-cpu,,cpu_usage,3-Memory-Noise,round-8,0.30182244178909595
tenant-dsk,tenant-mem,,cpu_usage,3-Memory-Noise,round-8,0.3259002166678304
tenant-dsk,tenant-nsy,,cpu_usage,3-Memory-Noise,round-8,0.2050803417216417
tenant-dsk,tenant-ntk,,cpu_usage,3-Memory-Noise,round-8,0.329101210074901
tenant-mem,tenant-cpu,,cpu_usage,3-Memory-Noise,round-8,0.1694404918592334
tenant-mem,tenant-dsk,,cpu_usage,3-Memory-Noise,round-8,0.25238047922236445
tenant-mem,tenant-nsy,,cpu_usage,3-Memory-Noise,round-8,0.12360518677528778
tenant-mem,tenant-ntk,,cpu_usage,3-Memory-Noise,round-8,0.20168385608306486
tenant-nsy,tenant-cpu,,cpu_usage,3-Memory-Noise,round-8,0.10318074662512898
tenant-nsy,tenant-dsk,,cpu_usage,3-Memory-Noise,round-8,0.08073417731980333
tenant-nsy,tenant-mem,,cpu_usage,3-Memory-Noise,round-8,0.0766544324235119
tenant-nsy,tenant-ntk,,cpu_usage,3-Memory-Noise,round-8,0.12227701168122312
tenant-ntk,tenant-cpu,,cpu_usage,3-Memory-Noise,round-8,0.24433574869161861
tenant-ntk,tenant-dsk,,cpu_usage,3-Memory-Noise,round-8,0.32303560584736773
tenant-ntk,tenant-mem,,cpu_usage,3-Memory-Noise,round-8,0.3094678404733008
tenant-ntk,tenant-nsy,,cpu_usage,3-Memory-Noise,round-8,0.22333764657631566
tenant-cpu,tenant-dsk,,cpu_usage,4-Network-Noise,round-8,0.19704098845054885
tenant-cpu,tenant-mem,,cpu_usage,4-Network-Noise,round-8,0.14123904292715495
tenant-cpu,tenant-nsy,,cpu_usage,4-Network-Noise,round-8,0.1226739224358682
tenant-cpu,tenant-ntk,,cpu_usage,4-Network-Noise,round-8,0.17970641174204924
tenant-dsk,tenant-cpu,,cpu_usage,4-Network-Noise,round-8,0.27635674866416965
tenant-dsk,tenant-mem,,cpu_usage,4-Network-Noise,round-8,0.2996479266570183
tenant-dsk,tenant-nsy,,cpu_usage,4-Network-Noise,round-8,0.21839017922974666
tenant-dsk,tenant-ntk,,cpu_usage,4-Network-Noise,round-8,0.35786159340803847
tenant-mem,tenant-cpu,,cpu_usage,4-Network-Noise,round-8,0.11109740793338692
tenant-mem,tenant-dsk,,cpu_usage,4-Network-Noise,round-8,0.2040725559286718
tenant-mem,tenant-nsy,,cpu_usage,4-Network-Noise,round-8,0.11646797939767058
tenant-mem,tenant-ntk,,cpu_usage,4-Network-Noise,round-8,0.1788065437582021
tenant-nsy,tenant-cpu,,cpu_usage,4-Network-Noise,round-8,0.08750907329079993
tenant-nsy,tenant-dsk,,cpu_usage,4-Network-Noise,round-8,0.0901989232100019
tenant-nsy,tenant-mem,,cpu_usage,4-Network-Noise,round-8,0.1063972074077819
tenant-nsy,tenant-ntk,,cpu_usage,4-Network-Noise,round-8,0.11171883095991017
tenant-ntk,tenant-cpu,,cpu_usage,4-Network-Noise,round-8,0.2557446549224397
tenant-ntk,tenant-dsk,,cpu_usage,4-Network-Noise,round-8,0.3450095183538682
tenant-ntk,tenant-mem,,cpu_usage,4-Network-Noise,round-8,0.2986555608752779
tenant-ntk,tenant-nsy,,cpu_usage,4-Network-Noise,round-8,0.20120164970858043
tenant-cpu,tenant-dsk,,cpu_usage,5-Disk-Noise,round-8,0.36719623663566436
tenant-cpu,tenant-mem,,cpu_usage,5-Disk-Noise,round-8,0.3126628872763158
tenant-cpu,tenant-nsy,,cpu_usage,5-Disk-Noise,round-8,0.302342722739872
tenant-cpu,tenant-ntk,,cpu_usage,5-Disk-Noise,round-8,0.323917345798518
tenant-dsk,tenant-cpu,,cpu_usage,5-Disk-Noise,round-8,0.3405640228366236
tenant-dsk,tenant-mem,,cpu_usage,5-Disk-Noise,round-8,0.32287899338674875
tenant-dsk,tenant-nsy,,cpu_usage,5-Disk-Noise,round-8,0.3780372909677876
tenant-dsk,tenant-ntk,,cpu_usage,5-Disk-Noise,round-8,0.32524724801601157
tenant-mem,tenant-cpu,,cpu_usage,5-Disk-Noise,round-8,0.23786126565480092
tenant-mem,tenant-dsk,,cpu_usage,5-Disk-Noise,round-8,0.2677536403693252
tenant-mem,tenant-nsy,,cpu_usage,5-Disk-Noise,round-8,0.24755817723766838
tenant-mem,tenant-ntk,,cpu_usage,5-Disk-Noise,round-8,0.3077092198192608
tenant-nsy,tenant-cpu,,cpu_usage,5-Disk-Noise,round-8,0.3088606743044721
tenant-nsy,tenant-dsk,,cpu_usage,5-Disk-Noise,round-8,0.33938177900241173
tenant-nsy,tenant-mem,,cpu_usage,5-Disk-Noise,round-8,0.34152048681484737
tenant-nsy,tenant-ntk,,cpu_usage,5-Disk-Noise,round-8,0.3692926531472662
tenant-ntk,tenant-cpu,,cpu_usage,5-Disk-Noise,round-8,0.32816007713006695
tenant-ntk,tenant-dsk,,cpu_usage,5-Disk-Noise,round-8,0.32754515585014726
tenant-ntk,tenant-mem,,cpu_usage,5-Disk-Noise,round-8,0.4070121392923562
tenant-ntk,tenant-nsy,,cpu_usage,5-Disk-Noise,round-8,0.3204256648852786
tenant-cpu,tenant-dsk,,cpu_usage,6-Combined-Noise,round-8,0.48685394811090743
tenant-cpu,tenant-mem,,cpu_usage,6-Combined-Noise,round-8,0.31952956445558545
tenant-cpu,tenant-nsy,,cpu_usage,6-Combined-Noise,round-8,0.48337482041569757
tenant-cpu,tenant-ntk,,cpu_usage,6-Combined-Noise,round-8,0.30433039776138754
tenant-dsk,tenant-cpu,,cpu_usage,6-Combined-Noise,round-8,0.5638378681832734
tenant-dsk,tenant-mem,,cpu_usage,6-Combined-Noise,round-8,0.6142795853163272
tenant-dsk,tenant-nsy,,cpu_usage,6-Combined-Noise,round-8,0.7316808883766388
tenant-dsk,tenant-ntk,,cpu_usage,6-Combined-Noise,round-8,0.6130849501671858
tenant-mem,tenant-cpu,,cpu_usage,6-Combined-Noise,round-8,0.30698704810635696
tenant-mem,tenant-dsk,,cpu_usage,6-Combined-Noise,round-8,0.3984378464834443
tenant-mem,tenant-nsy,,cpu_usage,6-Combined-Noise,round-8,0.3950871842648539
tenant-mem,tenant-ntk,,cpu_usage,6-Combined-Noise,round-8,0.3741341637045044
tenant-nsy,tenant-cpu,,cpu_usage,6-Combined-Noise,round-8,0.4964651497595265
tenant-nsy,tenant-dsk,,cpu_usage,6-Combined-Noise,round-8,0.5136395680386191
tenant-nsy,tenant-mem,,cpu_usage,6-Combined-Noise,round-8,0.47653780091127323
tenant-nsy,tenant-ntk,,cpu_usage,6-Combined-Noise,round-8,0.5185322515893218
tenant-ntk,tenant-cpu,,cpu_usage,6-Combined-Noise,round-8,0.49288956848873916
tenant-ntk,tenant-dsk,,cpu_usage,6-Combined-Noise,round-8,0.6046886920563926
tenant-ntk,tenant-mem,,cpu_usage,6-Combined-Noise,round-8,0.6033811596513698
tenant-ntk,tenant-nsy,,cpu_usage,6-Combined-Noise,round-8,0.587515734254604
tenant-cpu,tenant-dsk,,cpu_usage,7-Recovery,round-8,0.3984135636758367
tenant-cpu,tenant-mem,,cpu_usage,7-Recovery,round-8,0.3565297262658166
tenant-cpu,tenant-nsy,,cpu_usage,7-Recovery,round-8,0.04045140157420418
tenant-cpu,tenant-ntk,,cpu_usage,7-Recovery,round-8,0.34067959307036555
tenant-dsk,tenant-cpu,,cpu_usage,7-Recovery,round-8,0.3293128327229838
tenant-dsk,tenant-mem,,cpu_usage,7-Recovery,round-8,0.3662861757756463
tenant-dsk,tenant-nsy,,cpu_usage,7-Recovery,round-8,0.022323415503114875
tenant-dsk,tenant-ntk,,cpu_usage,7-Recovery,round-8,0.27271628364480655
tenant-mem,tenant-cpu,,cpu_usage,7-Recovery,round-8,0.35365968220724653
tenant-mem,tenant-dsk,,cpu_usage,7-Recovery,round-8,0.39466706586063866
tenant-mem,tenant-nsy,,cpu_usage,7-Recovery,round-8,0.03334959592010857
tenant-mem,tenant-ntk,,cpu_usage,7-Recovery,round-8,0.404025445433034
tenant-nsy,tenant-cpu,,cpu_usage,7-Recovery,round-8,0.0
tenant-nsy,tenant-dsk,,cpu_usage,7-Recovery,round-8,0.0
tenant-nsy,tenant-mem,,cpu_usage,7-Recovery,round-8,0.0
tenant-nsy,tenant-ntk,,cpu_usage,7-Recovery,round-8,0.0
tenant-ntk,tenant-cpu,,cpu_usage,7-Recovery,round-8,0.3107294601000661
tenant-ntk,tenant-dsk,,cpu_usage,7-Recovery,round-8,0.3319200776109524
tenant-ntk,tenant-mem,,cpu_usage,7-Recovery,round-8,0.3902411052687047
tenant-ntk,tenant-nsy,,cpu_usage,7-Recovery,round-8,0.04200698047273955
tenant-cpu,tenant-dsk,,memory_usage,1-Baseline,round-8,0.15391332975629746
tenant-cpu,tenant-mem,,memory_usage,1-Baseline,round-8,0.2331013288007483
tenant-cpu,tenant-ntk,,memory_usage,1-Baseline,round-8,0.19372408673846583
tenant-dsk,tenant-cpu,,memory_usage,1-Baseline,round-8,0.09616807654591726
tenant-dsk,tenant-mem,,memory_usage,1-Baseline,round-8,0.09973937592087186
tenant-dsk,tenant-ntk,,memory_usage,1-Baseline,round-8,0.0752811785525836
tenant-mem,tenant-cpu,,memory_usage,1-Baseline,round-8,0.26071398042512983
tenant-mem,tenant-dsk,,memory_usage,1-Baseline,round-8,0.18596443953598452
tenant-mem,tenant-ntk,,memory_usage,1-Baseline,round-8,0.213708034873022
tenant-ntk,tenant-cpu,,memory_usage,1-Baseline,round-8,0.16029965746917668
tenant-ntk,tenant-dsk,,memory_usage,1-Baseline,round-8,0.09285598156655646
tenant-ntk,tenant-mem,,memory_usage,1-Baseline,round-8,0.15053564894888505
tenant-cpu,tenant-dsk,,memory_usage,2-CPU-Noise,round-8,0.20947845819188707
tenant-cpu,tenant-mem,,memory_usage,2-CPU-Noise,round-8,0.190363126779431
tenant-cpu,tenant-nsy,,memory_usage,2-CPU-Noise,round-8,0.1927990015898855
tenant-cpu,tenant-ntk,,memory_usage,2-CPU-Noise,round-8,0.16422059896064195
tenant-dsk,tenant-cpu,,memory_usage,2-CPU-Noise,round-8,0.21329639370279035
tenant-dsk,tenant-mem,,memory_usage,2-CPU-Noise,round-8,0.22939002816260473
tenant-dsk,tenant-nsy,,memory_usage,2-CPU-Noise,round-8,0.2571535879865728
tenant-dsk,tenant-ntk,,memory_usage,2-CPU-Noise,round-8,0.20588764366691995
tenant-mem,tenant-cpu,,memory_usage,2-CPU-Noise,round-8,0.16217838308955948
tenant-mem,tenant-dsk,,memory_usage,2-CPU-Noise,round-8,0.20169732623274733
tenant-mem,tenant-nsy,,memory_usage,2-CPU-Noise,round-8,0.20091413706325045
tenant-mem,tenant-ntk,,memory_usage,2-CPU-Noise,round-8,0.1835821663591757
tenant-nsy,tenant-cpu,,memory_usage,2-CPU-Noise,round-8,0.21719071101749526
tenant-nsy,tenant-dsk,,memory_usage,2-CPU-Noise,round-8,0.20051709566471404
tenant-nsy,tenant-mem,,memory_usage,2-CPU-Noise,round-8,0.22585184574750083
tenant-nsy,tenant-ntk,,memory_usage,2-CPU-Noise,round-8,0.23337677935455034
tenant-ntk,tenant-cpu,,memory_usage,2-CPU-Noise,round-8,0.16220114422281962
tenant-ntk,tenant-dsk,,memory_usage,2-CPU-Noise,round-8,0.16362941174825885
tenant-ntk,tenant-mem,,memory_usage,2-CPU-Noise,round-8,0.1652473753623469
tenant-ntk,tenant-nsy,,memory_usage,2-CPU-Noise,round-8,0.1720033119385508
tenant-cpu,tenant-dsk,,memory_usage,3-Memory-Noise,round-8,0.23521305501098644
tenant-cpu,tenant-mem,,memory_usage,3-Memory-Noise,round-8,0.22499238021014661
tenant-cpu,tenant-nsy,,memory_usage,3-Memory-Noise,round-8,0.22124936937968623
tenant-cpu,tenant-ntk,,memory_usage,3-Memory-Noise,round-8,0.17305129580342588
tenant-dsk,tenant-cpu,,memory_usage,3-Memory-Noise,round-8,0.2689875514518424
tenant-dsk,tenant-mem,,memory_usage,3-Memory-Noise,round-8,0.2599830246644846
tenant-dsk,tenant-nsy,,memory_usage,3-Memory-Noise,round-8,0.24929281691549673
tenant-dsk,tenant-ntk,,memory_usage,3-Memory-Noise,round-8,0.24483125909802625
tenant-mem,tenant-cpu,,memory_usage,3-Memory-Noise,round-8,0.23685669270223875
tenant-mem,tenant-dsk,,memory_usage,3-Memory-Noise,round-8,0.2643020710459926
tenant-mem,tenant-nsy,,memory_usage,3-Memory-Noise,round-8,0.23337571843949362
tenant-mem,tenant-ntk,,memory_usage,3-Memory-Noise,round-8,0.2149703621957494
tenant-nsy,tenant-cpu,,memory_usage,3-Memory-Noise,round-8,0.21388298166967454
tenant-nsy,tenant-dsk,,memory_usage,3-Memory-Noise,round-8,0.23035288451076574
tenant-nsy,tenant-mem,,memory_usage,3-Memory-Noise,round-8,0.21143311915958413
tenant-nsy,tenant-ntk,,memory_usage,3-Memory-Noise,round-8,0.1850438580478418
tenant-ntk,tenant-cpu,,memory_usage,3-Memory-Noise,round-8,0.16805152541451338
tenant-ntk,tenant-dsk,,memory_usage,3-Memory-Noise,round-8,0.17416799988390494
tenant-ntk,tenant-mem,,memory_usage,3-Memory-Noise,round-8,0.1867762716873291
tenant-ntk,tenant-nsy,,memory_usage,3-Memory-Noise,round-8,0.16426937559952617
tenant-cpu,tenant-dsk,,memory_usage,4-Network-Noise,round-8,0.21253656579990274
tenant-cpu,tenant-mem,,memory_usage,4-Network-Noise,round-8,0.22348217417047758
tenant-cpu,tenant-nsy,,memory_usage,4-Network-Noise,round-8,0.11960807860091935
tenant-cpu,tenant-ntk,,memory_usage,4-Network-Noise,round-8,0.20681705382097823
tenant-dsk,tenant-cpu,,memory_usage,4-Network-Noise,round-8,0.21702250999988543
tenant-dsk,tenant-mem,,memory_usage,4-Network-Noise,round-8,0.2237993287202282
tenant-dsk,tenant-nsy,,memory_usage,4-Network-Noise,round-8,0.12343258282483967
tenant-dsk,tenant-ntk,,memory_usage,4-Network-Noise,round-8,0.21117536847594892
tenant-mem,tenant-cpu,,memory_usage,4-Network-Noise,round-8,0.265481233757915
tenant-mem,tenant-dsk,,memory_usage,4-Network-Noise,round-8,0.2155872159294549
tenant-mem,tenant-nsy,,memory_usage,4-Network-Noise,round-8,0.1575383488854223
tenant-mem,tenant-ntk,,memory_usage,4-Network-Noise,round-8,0.29054176976191326
tenant-nsy,tenant-cpu,,memory_usage,4-Network-Noise,round-8,0.06004247305977547
tenant-nsy,tenant-dsk,,memory_usage,4-Network-Noise,round-8,0.06821878220410504
tenant-nsy,tenant-mem,,memory_usage,4-Network-Noise,round-8,0.06737255820496109
tenant-nsy,tenant-ntk,,memory_usage,4-Network-Noise,round-8,0.06172052435690276
tenant-ntk,tenant-cpu,,memory_usage,4-Network-Noise,round-8,0.20877695941683672
tenant-ntk,tenant-dsk,,memory_usage,4-Network-Noise,round-8,0.22659715517372614
tenant-ntk,tenant-mem,,memory_usage,4-Network-Noise,round-8,0.26033336449363337
tenant-ntk,tenant-nsy,,memory_usage,4-Network-Noise,round-8,0.1036432446946858
tenant-cpu,tenant-dsk,,memory_usage,5-Disk-Noise,round-8,0.30090990442188775
tenant-cpu,tenant-mem,,memory_usage,5-Disk-Noise,round-8,0.26994773741457073
tenant-cpu,tenant-nsy,,memory_usage,5-Disk-Noise,round-8,0.18193930522729165
tenant-cpu,tenant-ntk,,memory_usage,5-Disk-Noise,round-8,0.2637513776886695
tenant-dsk,tenant-cpu,,memory_usage,5-Disk-Noise,round-8,0.2805133408904332
tenant-dsk,tenant-mem,,memory_usage,5-Disk-Noise,round-8,0.26035038120903786
tenant-dsk,tenant-nsy,,memory_usage,5-Disk-Noise,round-8,0.1464431114730134
tenant-dsk,tenant-ntk,,memory_usage,5-Disk-Noise,round-8,0.2488243271089113
tenant-mem,tenant-cpu,,memory_usage,5-Disk-Noise,round-8,0.2185865663657637
tenant-mem,tenant-dsk,,memory_usage,5-Disk-Noise,round-8,0.23926970175584336
tenant-mem,tenant-nsy,,memory_usage,5-Disk-Noise,round-8,0.13177408307559954
tenant-mem,tenant-ntk,,memory_usage,5-Disk-Noise,round-8,0.17882882894699137
tenant-nsy,tenant-cpu,,memory_usage,5-Disk-Noise,round-8,0.09589025009541935
tenant-nsy,tenant-dsk,,memory_usage,5-Disk-Noise,round-8,0.08974192409756619
tenant-nsy,tenant-mem,,memory_usage,5-Disk-Noise,round-8,0.08768022454556884
tenant-nsy,tenant-ntk,,memory_usage,5-Disk-Noise,round-8,0.08883646471638008
tenant-ntk,tenant-cpu,,memory_usage,5-Disk-Noise,round-8,0.22406158083585814
tenant-ntk,tenant-dsk,,memory_usage,5-Disk-Noise,round-8,0.2386692678510385
tenant-ntk,tenant-mem,,memory_usage,5-Disk-Noise,round-8,0.19161565271298583
tenant-ntk,tenant-nsy,,memory_usage,5-Disk-Noise,round-8,0.12435748359092715
tenant-cpu,tenant-dsk,,memory_usage,6-Combined-Noise,round-8,0.6720316602928473
tenant-cpu,tenant-mem,,memory_usage,6-Combined-Noise,round-8,0.6332804153835401
tenant-cpu,tenant-nsy,,memory_usage,6-Combined-Noise,round-8,0.52642035559515
tenant-cpu,tenant-ntk,,memory_usage,6-Combined-Noise,round-8,0.7103001776224962
tenant-dsk,tenant-cpu,,memory_usage,6-Combined-Noise,round-8,0.6024432191040376
tenant-dsk,tenant-mem,,memory_usage,6-Combined-Noise,round-8,0.5339564780589715
tenant-dsk,tenant-nsy,,memory_usage,6-Combined-Noise,round-8,0.42022732259165524
tenant-dsk,tenant-ntk,,memory_usage,6-Combined-Noise,round-8,0.4988138475542505
tenant-mem,tenant-cpu,,memory_usage,6-Combined-Noise,round-8,0.6525432052427121
tenant-mem,tenant-dsk,,memory_usage,6-Combined-Noise,round-8,0.6351872404447718
tenant-mem,tenant-nsy,,memory_usage,6-Combined-Noise,round-8,0.5055537592188742
tenant-mem,tenant-ntk,,memory_usage,6-Combined-Noise,round-8,0.7253173098119028
tenant-nsy,tenant-cpu,,memory_usage,6-Combined-Noise,round-8,0.33351023347635533
tenant-nsy,tenant-dsk,,memory_usage,6-Combined-Noise,round-8,0.31540410163311267
tenant-nsy,tenant-mem,,memory_usage,6-Combined-Noise,round-8,0.32808673638654734
tenant-nsy,tenant-ntk,,memory_usage,6-Combined-Noise,round-8,0.2367890504059491
tenant-ntk,tenant-cpu,,memory_usage,6-Combined-Noise,round-8,0.6206939173118854
tenant-ntk,tenant-dsk,,memory_usage,6-Combined-Noise,round-8,0.5343096993362842
tenant-ntk,tenant-mem,,memory_usage,6-Combined-Noise,round-8,0.6656447227406581
tenant-ntk,tenant-nsy,,memory_usage,6-Combined-Noise,round-8,0.4547471375569536
tenant-cpu,tenant-dsk,,memory_usage,7-Recovery,round-8,0.464748692900205
tenant-cpu,tenant-mem,,memory_usage,7-Recovery,round-8,0.4165341734783235
tenant-cpu,tenant-nsy,,memory_usage,7-Recovery,round-8,0.15565905833383814
tenant-cpu,tenant-ntk,,memory_usage,7-Recovery,round-8,0.45501943124826333
tenant-dsk,tenant-cpu,,memory_usage,7-Recovery,round-8,0.48635634050163706
tenant-dsk,tenant-mem,,memory_usage,7-Recovery,round-8,0.5118826307605271
tenant-dsk,tenant-nsy,,memory_usage,7-Recovery,round-8,0.15308804139351376
tenant-dsk,tenant-ntk,,memory_usage,7-Recovery,round-8,0.3991442811438844
tenant-mem,tenant-cpu,,memory_usage,7-Recovery,round-8,0.47758697881976275
tenant-mem,tenant-dsk,,memory_usage,7-Recovery,round-8,0.44883498900331364
tenant-mem,tenant-nsy,,memory_usage,7-Recovery,round-8,0.1507872963111253
tenant-mem,tenant-ntk,,memory_usage,7-Recovery,round-8,0.4584202869239612
tenant-nsy,tenant-cpu,,memory_usage,7-Recovery,round-8,0.017511236014853927
tenant-nsy,tenant-dsk,,memory_usage,7-Recovery,round-8,0.01660835649560871
tenant-nsy,tenant-mem,,memory_usage,7-Recovery,round-8,0.024314097759101875
tenant-nsy,tenant-ntk,,memory_usage,7-Recovery,round-8,0.01751123601485393
tenant-ntk,tenant-cpu,,memory_usage,7-Recovery,round-8,0.4028017460127776
tenant-ntk,tenant-dsk,,memory_usage,7-Recovery,round-8,0.4142318165332867
tenant-ntk,tenant-mem,,memory_usage,7-Recovery,round-8,0.45294954499180856
tenant-ntk,tenant-nsy,,memory_usage,7-Recovery,round-8,0.12262310841644934
tenant-cpu,tenant-dsk,,network_transmit,1-Baseline,round-8,0.0375881756030318
tenant-cpu,tenant-mem,,network_transmit,1-Baseline,round-8,0.22160754098130306
tenant-cpu,tenant-ntk,,network_transmit,1-Baseline,round-8,0.15210316553621342
tenant-dsk,tenant-cpu,,network_transmit,1-Baseline,round-8,0.028850500560809008
tenant-dsk,tenant-mem,,network_transmit,1-Baseline,round-8,0.038508573471036776
tenant-dsk,tenant-ntk,,network_transmit,1-Baseline,round-8,0.020400209772542914
tenant-mem,tenant-cpu,,network_transmit,1-Baseline,round-8,0.14870166211440808
tenant-mem,tenant-dsk,,network_transmit,1-Baseline,round-8,0.05008671155241942
tenant-mem,tenant-ntk,,network_transmit,1-Baseline,round-8,0.09033781285236964
tenant-ntk,tenant-cpu,,network_transmit,1-Baseline,round-8,0.10316249904685462
tenant-ntk,tenant-dsk,,network_transmit,1-Baseline,round-8,0.010060507323170577
tenant-ntk,tenant-mem,,network_transmit,1-Baseline,round-8,0.09987997182017776
tenant-cpu,tenant-dsk,,network_transmit,2-CPU-Noise,round-8,0.2550869572815535
tenant-cpu,tenant-mem,,network_transmit,2-CPU-Noise,round-8,0.26439955631386347
tenant-cpu,tenant-nsy,,network_transmit,2-CPU-Noise,round-8,0.26630921785744405
tenant-cpu,tenant-ntk,,network_transmit,2-CPU-Noise,round-8,0.17541263845257213
tenant-dsk,tenant-cpu,,network_transmit,2-CPU-Noise,round-8,0.24995865979427032
tenant-dsk,tenant-mem,,network_transmit,2-CPU-Noise,round-8,0.314133036148299
tenant-dsk,tenant-nsy,,network_transmit,2-CPU-Noise,round-8,0.21793977749223986
tenant-dsk,tenant-ntk,,network_transmit,2-CPU-Noise,round-8,0.20814868847877507
tenant-mem,tenant-cpu,,network_transmit,2-CPU-Noise,round-8,0.2843405999783182
tenant-mem,tenant-dsk,,network_transmit,2-CPU-Noise,round-8,0.3303857752626699
tenant-mem,tenant-nsy,,network_transmit,2-CPU-Noise,round-8,0.3074221602198162
tenant-mem,tenant-ntk,,network_transmit,2-CPU-Noise,round-8,0.21008442380594514
tenant-nsy,tenant-cpu,,network_transmit,2-CPU-Noise,round-8,0.18700445787311745
tenant-nsy,tenant-dsk,,network_transmit,2-CPU-Noise,round-8,0.1686206941244617
tenant-nsy,tenant-mem,,network_transmit,2-CPU-Noise,round-8,0.2261700223074964
tenant-nsy,tenant-ntk,,network_transmit,2-CPU-Noise,round-8,0.15234496579580112
tenant-ntk,tenant-cpu,,network_transmit,2-CPU-Noise,round-8,0.13560545262011714
tenant-ntk,tenant-dsk,,network_transmit,2-CPU-Noise,round-8,0.11643555088197104
tenant-ntk,tenant-mem,,network_transmit,2-CPU-Noise,round-8,0.11209688425913511
tenant-ntk,tenant-nsy,,network_transmit,2-CPU-Noise,round-8,0.10793273030632329
tenant-cpu,tenant-dsk,,network_transmit,3-Memory-Noise,round-8,0.24079581730863484
tenant-cpu,tenant-mem,,network_transmit,3-Memory-Noise,round-8,0.27620262574383897
tenant-cpu,tenant-nsy,,network_transmit,3-Memory-Noise,round-8,0.27000898656333155
tenant-cpu,tenant-ntk,,network_transmit,3-Memory-Noise,round-8,0.15996479466009098
tenant-dsk,tenant-cpu,,network_transmit,3-Memory-Noise,round-8,0.2869020348822678
tenant-dsk,tenant-mem,,network_transmit,3-Memory-Noise,round-8,0.311948675181729
tenant-dsk,tenant-nsy,,network_transmit,3-Memory-Noise,round-8,0.2929977075532885
tenant-dsk,tenant-ntk,,network_transmit,3-Memory-Noise,round-8,0.18893939286613518
tenant-mem,tenant-cpu,,network_transmit,3-Memory-Noise,round-8,0.32527489033142565
tenant-mem,tenant-dsk,,network_transmit,3-Memory-Noise,round-8,0.34528119222794557
tenant-mem,tenant-nsy,,network_transmit,3-Memory-Noise,round-8,0.3683349361050396
tenant-mem,tenant-ntk,,network_transmit,3-Memory-Noise,round-8,0.22450033833047203
tenant-nsy,tenant-cpu,,network_transmit,3-Memory-Noise,round-8,0.27815070240510237
tenant-nsy,tenant-dsk,,network_transmit,3-Memory-Noise,round-8,0.2712662229798959
tenant-nsy,tenant-mem,,network_transmit,3-Memory-Noise,round-8,0.3086289602395164
tenant-nsy,tenant-ntk,,network_transmit,3-Memory-Noise,round-8,0.205303914047453
tenant-ntk,tenant-cpu,,network_transmit,3-Memory-Noise,round-8,0.08924855154291361
tenant-ntk,tenant-dsk,,network_transmit,3-Memory-Noise,round-8,0.08769477551381386
tenant-ntk,tenant-mem,,network_transmit,3-Memory-Noise,round-8,0.09216883288740328
tenant-ntk,tenant-nsy,,network_transmit,3-Memory-Noise,round-8,0.09013570674988887
tenant-cpu,tenant-dsk,,network_transmit,4-Network-Noise,round-8,0.3164412260002089
tenant-cpu,tenant-mem,,network_transmit,4-Network-Noise,round-8,0.28613653622412605
tenant-cpu,tenant-nsy,,network_transmit,4-Network-Noise,round-8,0.19879402544442606
tenant-cpu,tenant-ntk,,network_transmit,4-Network-Noise,round-8,0.2649185182617204
tenant-dsk,tenant-cpu,,network_transmit,4-Network-Noise,round-8,0.3053661409322241
tenant-dsk,tenant-mem,,network_transmit,4-Network-Noise,round-8,0.2795435771028164
tenant-dsk,tenant-nsy,,network_transmit,4-Network-Noise,round-8,0.18891438357383158
tenant-dsk,tenant-ntk,,network_transmit,4-Network-Noise,round-8,0.23630946388167806
tenant-mem,tenant-cpu,,network_transmit,4-Network-Noise,round-8,0.2726341927459354
tenant-mem,tenant-dsk,,network_transmit,4-Network-Noise,round-8,0.25620153448203287
tenant-mem,tenant-nsy,,network_transmit,4-Network-Noise,round-8,0.21363488509165485
tenant-mem,tenant-ntk,,network_transmit,4-Network-Noise,round-8,0.23062992852161127
tenant-nsy,tenant-cpu,,network_transmit,4-Network-Noise,round-8,0.10164507679561388
tenant-nsy,tenant-dsk,,network_transmit,4-Network-Noise,round-8,0.10787708844245597
tenant-nsy,tenant-mem,,network_transmit,4-Network-Noise,round-8,0.12180653175948547
tenant-nsy,tenant-ntk,,network_transmit,4-Network-Noise,round-8,0.08441616606626756
tenant-ntk,tenant-cpu,,network_transmit,4-Network-Noise,round-8,0.1552604716080437
tenant-ntk,tenant-dsk,,network_transmit,4-Network-Noise,round-8,0.2105646189485077
tenant-ntk,tenant-mem,,network_transmit,4-Network-Noise,round-8,0.14984964554432292
tenant-ntk,tenant-nsy,,network_transmit,4-Network-Noise,round-8,0.11148041925257036
tenant-cpu,tenant-dsk,,network_transmit,5-Disk-Noise,round-8,0.23903142617141862
tenant-cpu,tenant-mem,,network_transmit,5-Disk-Noise,round-8,0.2289663164580679
tenant-cpu,tenant-nsy,,network_transmit,5-Disk-Noise,round-8,0.02797462154105296
tenant-cpu,tenant-ntk,,network_transmit,5-Disk-Noise,round-8,0.18152016126062023
tenant-dsk,tenant-cpu,,network_transmit,5-Disk-Noise,round-8,0.3416029221038877
tenant-dsk,tenant-mem,,network_transmit,5-Disk-Noise,round-8,0.32736452633001645
tenant-dsk,tenant-nsy,,network_transmit,5-Disk-Noise,round-8,0.029103610385014925
tenant-dsk,tenant-ntk,,network_transmit,5-Disk-Noise,round-8,0.27102185832352504
tenant-mem,tenant-cpu,,network_transmit,5-Disk-Noise,round-8,0.31971266919558006
tenant-mem,tenant-dsk,,network_transmit,5-Disk-Noise,round-8,0.3509356116468372
tenant-mem,tenant-nsy,,network_transmit,5-Disk-Noise,round-8,0.04179826864069077
tenant-mem,tenant-ntk,,network_transmit,5-Disk-Noise,round-8,0.25206628485897115
tenant-nsy,tenant-cpu,,network_transmit,5-Disk-Noise,round-8,0.018221539675721262
tenant-nsy,tenant-dsk,,network_transmit,5-Disk-Noise,round-8,0.005784260566477099
tenant-nsy,tenant-mem,,network_transmit,5-Disk-Noise,round-8,0.013588474453625736
tenant-nsy,tenant-ntk,,network_transmit,5-Disk-Noise,round-8,0.009311491438535265
tenant-ntk,tenant-cpu,,network_transmit,5-Disk-Noise,round-8,0.12571855437620058
tenant-ntk,tenant-dsk,,network_transmit,5-Disk-Noise,round-8,0.15197294742647394
tenant-ntk,tenant-mem,,network_transmit,5-Disk-Noise,round-8,0.14010225138669746
tenant-ntk,tenant-nsy,,network_transmit,5-Disk-Noise,round-8,0.03181540469705647
tenant-cpu,tenant-dsk,,network_transmit,6-Combined-Noise,round-8,0.5244743591856308
tenant-cpu,tenant-mem,,network_transmit,6-Combined-Noise,round-8,0.7046964041993773
tenant-cpu,tenant-nsy,,network_transmit,6-Combined-Noise,round-8,0.4654633460486635
tenant-cpu,tenant-ntk,,network_transmit,6-Combined-Noise,round-8,0.43123989148480707
tenant-dsk,tenant-cpu,,network_transmit,6-Combined-Noise,round-8,0.4978065778155398
tenant-dsk,tenant-mem,,network_transmit,6-Combined-Noise,round-8,0.6222153359137037
tenant-dsk,tenant-nsy,,network_transmit,6-Combined-Noise,round-8,0.3340548468363561
tenant-dsk,tenant-ntk,,network_transmit,6-Combined-Noise,round-8,0.3515908163782871
tenant-mem,tenant-cpu,,network_transmit,6-Combined-Noise,round-8,0.6156557545208373
tenant-mem,tenant-dsk,,network_transmit,6-Combined-Noise,round-8,0.6295250146052659
tenant-mem,tenant-nsy,,network_transmit,6-Combined-Noise,round-8,0.43041047882186634
tenant-mem,tenant-ntk,,network_transmit,6-Combined-Noise,round-8,0.4881092495543085
tenant-nsy,tenant-cpu,,network_transmit,6-Combined-Noise,round-8,0.18408131802950037
tenant-nsy,tenant-dsk,,network_transmit,6-Combined-Noise,round-8,0.1495740055174945
tenant-nsy,tenant-mem,,network_transmit,6-Combined-Noise,round-8,0.21192782447103028
tenant-nsy,tenant-ntk,,network_transmit,6-Combined-Noise,round-8,0.14414762744685194
tenant-ntk,tenant-cpu,,network_transmit,6-Combined-Noise,round-8,0.2709953141961273
tenant-ntk,tenant-dsk,,network_transmit,6-Combined-Noise,round-8,0.2716953151559734
tenant-ntk,tenant-mem,,network_transmit,6-Combined-Noise,round-8,0.27647663507448544
tenant-ntk,tenant-nsy,,network_transmit,6-Combined-Noise,round-8,0.17856949930562455
tenant-cpu,tenant-dsk,,network_transmit,7-Recovery,round-8,0.4203972603829655
tenant-cpu,tenant-mem,,network_transmit,7-Recovery,round-8,0.4662324240568053
tenant-cpu,tenant-nsy,,network_transmit,7-Recovery,round-8,0.3899594968234666
tenant-cpu,tenant-ntk,,network_transmit,7-Recovery,round-8,0.2857455631197582
tenant-dsk,tenant-cpu,,network_transmit,7-Recovery,round-8,0.44074820368407097
tenant-dsk,tenant-mem,,network_transmit,7-Recovery,round-8,0.4398334667410914
tenant-dsk,tenant-nsy,,network_transmit,7-Recovery,round-8,0.2796715731037646
tenant-dsk,tenant-ntk,,network_transmit,7-Recovery,round-8,0.2804886765575888
tenant-mem,tenant-cpu,,network_transmit,7-Recovery,round-8,0.5788961373755266
tenant-mem,tenant-dsk,,network_transmit,7-Recovery,round-8,0.5157060349911522
tenant-mem,tenant-nsy,,network_transmit,7-Recovery,round-8,0.32035859192574984
tenant-mem,tenant-ntk,,network_transmit,7-Recovery,round-8,0.2891164738738571
tenant-nsy,tenant-cpu,,network_transmit,7-Recovery,round-8,0.16299996713416776
tenant-nsy,tenant-dsk,,network_transmit,7-Recovery,round-8,0.22469242894301963
tenant-nsy,tenant-mem,,network_transmit,7-Recovery,round-8,0.15439196654028234
tenant-nsy,tenant-ntk,,network_transmit,7-Recovery,round-8,0.0656303235979649
tenant-ntk,tenant-cpu,,network_transmit,7-Recovery,round-8,0.1666320633189684
tenant-ntk,tenant-dsk,,network_transmit,7-Recovery,round-8,0.1515601501314337
tenant-ntk,tenant-mem,,network_transmit,7-Recovery,round-8,0.15261217362589433
tenant-ntk,tenant-nsy,,network_transmit,7-Recovery,round-8,0.11671942258613983
tenant-cpu,tenant-dsk,,network_receive,1-Baseline,round-8,0.21666636981435541
tenant-cpu,tenant-mem,,network_receive,1-Baseline,round-8,0.23430396686681482
tenant-cpu,tenant-ntk,,network_receive,1-Baseline,round-8,0.26471271970876337
tenant-dsk,tenant-cpu,,network_receive,1-Baseline,round-8,0.27193859442738433
tenant-dsk,tenant-mem,,network_receive,1-Baseline,round-8,0.19143171560506556
tenant-dsk,tenant-ntk,,network_receive,1-Baseline,round-8,0.1638700208912042
tenant-mem,tenant-cpu,,network_receive,1-Baseline,round-8,0.13538671946508427
tenant-mem,tenant-dsk,,network_receive,1-Baseline,round-8,0.09846753409432733
tenant-mem,tenant-ntk,,network_receive,1-Baseline,round-8,0.11623029183536229
tenant-ntk,tenant-cpu,,network_receive,1-Baseline,round-8,0.2613190569830923
tenant-ntk,tenant-dsk,,network_receive,1-Baseline,round-8,0.21019717195774773
tenant-ntk,tenant-mem,,network_receive,1-Baseline,round-8,0.22089872107218034
tenant-cpu,tenant-dsk,,network_receive,2-CPU-Noise,round-8,0.29898607317743847
tenant-cpu,tenant-mem,,network_receive,2-CPU-Noise,round-8,0.2847463001007766
tenant-cpu,tenant-nsy,,network_receive,2-CPU-Noise,round-8,0.23009855091563328
tenant-cpu,tenant-ntk,,network_receive,2-CPU-Noise,round-8,0.34748519016049345
tenant-dsk,tenant-cpu,,network_receive,2-CPU-Noise,round-8,0.2726331205859946
tenant-dsk,tenant-mem,,network_receive,2-CPU-Noise,round-8,0.25027437124533153
tenant-dsk,tenant-nsy,,network_receive,2-CPU-Noise,round-8,0.22982786014167322
tenant-dsk,tenant-ntk,,network_receive,2-CPU-Noise,round-8,0.2996715611736855
tenant-mem,tenant-cpu,,network_receive,2-CPU-Noise,round-8,0.267679158770196
tenant-mem,tenant-dsk,,network_receive,2-CPU-Noise,round-8,0.22913679148103622
tenant-mem,tenant-nsy,,network_receive,2-CPU-Noise,round-8,0.1726168537447993
tenant-mem,tenant-ntk,,network_receive,2-CPU-Noise,round-8,0.28688967863383186
tenant-nsy,tenant-cpu,,network_receive,2-CPU-Noise,round-8,0.19972330838045174
tenant-nsy,tenant-dsk,,network_receive,2-CPU-Noise,round-8,0.1846682311729483
tenant-nsy,tenant-mem,,network_receive,2-CPU-Noise,round-8,0.171935479656778
tenant-nsy,tenant-ntk,,network_receive,2-CPU-Noise,round-8,0.28663056737319126
tenant-ntk,tenant-cpu,,network_receive,2-CPU-Noise,round-8,0.3641725422590897
tenant-ntk,tenant-dsk,,network_receive,2-CPU-Noise,round-8,0.29486228724588076
tenant-ntk,tenant-mem,,network_receive,2-CPU-Noise,round-8,0.27373646642183913
tenant-ntk,tenant-nsy,,network_receive,2-CPU-Noise,round-8,0.2839532048508537
tenant-cpu,tenant-dsk,,network_receive,3-Memory-Noise,round-8,0.23467522807296115
tenant-cpu,tenant-mem,,network_receive,3-Memory-Noise,round-8,0.3101641781225524
tenant-cpu,tenant-nsy,,network_receive,3-Memory-Noise,round-8,0.29808786104588963
tenant-cpu,tenant-ntk,,network_receive,3-Memory-Noise,round-8,0.2638999304114494
tenant-dsk,tenant-cpu,,network_receive,3-Memory-Noise,round-8,0.18675879400465048
tenant-dsk,tenant-mem,,network_receive,3-Memory-Noise,round-8,0.2859122423142937
tenant-dsk,tenant-nsy,,network_receive,3-Memory-Noise,round-8,0.3379342554585373
tenant-dsk,tenant-ntk,,network_receive,3-Memory-Noise,round-8,0.2602184030922141
tenant-mem,tenant-cpu,,network_receive,3-Memory-Noise,round-8,0.33119918481464167
tenant-mem,tenant-dsk,,network_receive,3-Memory-Noise,round-8,0.2683795392397807
tenant-mem,tenant-nsy,,network_receive,3-Memory-Noise,round-8,0.26143888480281585
tenant-mem,tenant-ntk,,network_receive,3-Memory-Noise,round-8,0.38202992534432134
tenant-nsy,tenant-cpu,,network_receive,3-Memory-Noise,round-8,0.3549167121062728
tenant-nsy,tenant-dsk,,network_receive,3-Memory-Noise,round-8,0.33207124642914787
tenant-nsy,tenant-mem,,network_receive,3-Memory-Noise,round-8,0.3576820684449882
tenant-nsy,tenant-ntk,,network_receive,3-Memory-Noise,round-8,0.30817743738090914
tenant-ntk,tenant-cpu,,network_receive,3-Memory-Noise,round-8,0.3271072494445466
tenant-ntk,tenant-dsk,,network_receive,3-Memory-Noise,round-8,0.30902201754556186
tenant-ntk,tenant-mem,,network_receive,3-Memory-Noise,round-8,0.2872145257278389
tenant-ntk,tenant-nsy,,network_receive,3-Memory-Noise,round-8,0.28765506315685996
tenant-cpu,tenant-dsk,,network_receive,4-Network-Noise,round-8,0.3253941079583603
tenant-cpu,tenant-mem,,network_receive,4-Network-Noise,round-8,0.3592191669404295
tenant-cpu,tenant-nsy,,network_receive,4-Network-Noise,round-8,0.208467718094123
tenant-cpu,tenant-ntk,,network_receive,4-Network-Noise,round-8,0.2780200147222534
tenant-dsk,tenant-cpu,,network_receive,4-Network-Noise,round-8,0.325240822981911
tenant-dsk,tenant-mem,,network_receive,4-Network-Noise,round-8,0.24864622670147032
tenant-dsk,tenant-nsy,,network_receive,4-Network-Noise,round-8,0.19769398538768268
tenant-dsk,tenant-ntk,,network_receive,4-Network-Noise,round-8,0.35466304264724885
tenant-mem,tenant-cpu,,network_receive,4-Network-Noise,round-8,0.29308576963148825
tenant-mem,tenant-dsk,,network_receive,4-Network-Noise,round-8,0.2933928555655589
tenant-mem,tenant-nsy,,network_receive,4-Network-Noise,round-8,0.19634339769239958
tenant-mem,tenant-ntk,,network_receive,4-Network-Noise,round-8,0.2589429271716853
tenant-nsy,tenant-cpu,,network_receive,4-Network-Noise,round-8,0.12358667900427756
tenant-nsy,tenant-dsk,,network_receive,4-Network-Noise,round-8,0.1525378669637695
tenant-nsy,tenant-mem,,network_receive,4-Network-Noise,round-8,0.11232663800781723
tenant-nsy,tenant-ntk,,network_receive,4-Network-Noise,round-8,0.13143363632005828
tenant-ntk,tenant-cpu,,network_receive,4-Network-Noise,round-8,0.3459325426264578
tenant-ntk,tenant-dsk,,network_receive,4-Network-Noise,round-8,0.3079918491927882
tenant-ntk,tenant-mem,,network_receive,4-Network-Noise,round-8,0.35044674611685994
tenant-ntk,tenant-nsy,,network_receive,4-Network-Noise,round-8,0.21902965919775522
tenant-cpu,tenant-dsk,,network_receive,5-Disk-Noise,round-8,0.255969711212334
tenant-cpu,tenant-mem,,network_receive,5-Disk-Noise,round-8,0.21369858191123586
tenant-cpu,tenant-nsy,,network_receive,5-Disk-Noise,round-8,0.20436721622239265
tenant-cpu,tenant-ntk,,network_receive,5-Disk-Noise,round-8,0.29084204913129147
tenant-dsk,tenant-cpu,,network_receive,5-Disk-Noise,round-8,0.33224188195788434
tenant-dsk,tenant-mem,,network_receive,5-Disk-Noise,round-8,0.41358545318088463
tenant-dsk,tenant-nsy,,network_receive,5-Disk-Noise,round-8,0.4193877427468866
tenant-dsk,tenant-ntk,,network_receive,5-Disk-Noise,round-8,0.3534814699477128
tenant-mem,tenant-cpu,,network_receive,5-Disk-Noise,round-8,0.22872086226473856
tenant-mem,tenant-dsk,,network_receive,5-Disk-Noise,round-8,0.3126496870861555
tenant-mem,tenant-nsy,,network_receive,5-Disk-Noise,round-8,0.2821885545235671
tenant-mem,tenant-ntk,,network_receive,5-Disk-Noise,round-8,0.2543227995110791
tenant-nsy,tenant-cpu,,network_receive,5-Disk-Noise,round-8,0.28158742107374374
tenant-nsy,tenant-dsk,,network_receive,5-Disk-Noise,round-8,0.2878421818605399
tenant-nsy,tenant-mem,,network_receive,5-Disk-Noise,round-8,0.2879212720733882
tenant-nsy,tenant-ntk,,network_receive,5-Disk-Noise,round-8,0.29620568982867
tenant-ntk,tenant-cpu,,network_receive,5-Disk-Noise,round-8,0.26801837352463986
tenant-ntk,tenant-dsk,,network_receive,5-Disk-Noise,round-8,0.3795745417548416
tenant-ntk,tenant-mem,,network_receive,5-Disk-Noise,round-8,0.2892285092148206
tenant-ntk,tenant-nsy,,network_receive,5-Disk-Noise,round-8,0.29850369439450136
tenant-cpu,tenant-dsk,,network_receive,6-Combined-Noise,round-8,0.5653037942229729
tenant-cpu,tenant-mem,,network_receive,6-Combined-Noise,round-8,0.6945497107563808
tenant-cpu,tenant-nsy,,network_receive,6-Combined-Noise,round-8,0.43467185926110685
tenant-cpu,tenant-ntk,,network_receive,6-Combined-Noise,round-8,0.4869314437259234
tenant-dsk,tenant-cpu,,network_receive,6-Combined-Noise,round-8,0.5995085220577594
tenant-dsk,tenant-mem,,network_receive,6-Combined-Noise,round-8,0.6177241933088429
tenant-dsk,tenant-nsy,,network_receive,6-Combined-Noise,round-8,0.365220142509248
tenant-dsk,tenant-ntk,,network_receive,6-Combined-Noise,round-8,0.6434722003666955
tenant-mem,tenant-cpu,,network_receive,6-Combined-Noise,round-8,0.6377441450025197
tenant-mem,tenant-dsk,,network_receive,6-Combined-Noise,round-8,0.6281001732369115
tenant-mem,tenant-nsy,,network_receive,6-Combined-Noise,round-8,0.4154784949238009
tenant-mem,tenant-ntk,,network_receive,6-Combined-Noise,round-8,0.6649628670911893
tenant-nsy,tenant-cpu,,network_receive,6-Combined-Noise,round-8,0.20511518169452003
tenant-nsy,tenant-dsk,,network_receive,6-Combined-Noise,round-8,0.21171230879047573
tenant-nsy,tenant-mem,,network_receive,6-Combined-Noise,round-8,0.18322570515343148
tenant-nsy,tenant-ntk,,network_receive,6-Combined-Noise,round-8,0.22045334425282725
tenant-ntk,tenant-cpu,,network_receive,6-Combined-Noise,round-8,0.5399761131560384
tenant-ntk,tenant-dsk,,network_receive,6-Combined-Noise,round-8,0.5355358517093683
tenant-ntk,tenant-mem,,network_receive,6-Combined-Noise,round-8,0.5829077643368378
tenant-ntk,tenant-nsy,,network_receive,6-Combined-Noise,round-8,0.3897779513324259
tenant-cpu,tenant-dsk,,network_receive,7-Recovery,round-8,0.43556689257561
tenant-cpu,tenant-mem,,network_receive,7-Recovery,round-8,0.5392170579768518
tenant-cpu,tenant-nsy,,network_receive,7-Recovery,round-8,0.11026475260124217
tenant-cpu,tenant-ntk,,network_receive,7-Recovery,round-8,0.4725590320881385
tenant-dsk,tenant-cpu,,network_receive,7-Recovery,round-8,0.4175498353011007
tenant-dsk,tenant-mem,,network_receive,7-Recovery,round-8,0.46467000038403944
tenant-dsk,tenant-nsy,,network_receive,7-Recovery,round-8,0.10572660044243369
tenant-dsk,tenant-ntk,,network_receive,7-Recovery,round-8,0.4308442492745907
tenant-mem,tenant-cpu,,network_receive,7-Recovery,round-8,0.5932376387954439
tenant-mem,tenant-dsk,,network_receive,7-Recovery,round-8,0.4899283376240971
tenant-mem,tenant-nsy,,network_receive,7-Recovery,round-8,0.12749656279785082
tenant-mem,tenant-ntk,,network_receive,7-Recovery,round-8,0.5662863249009031
tenant-nsy,tenant-cpu,,network_receive,7-Recovery,round-8,0.025867488283225056
tenant-nsy,tenant-dsk,,network_receive,7-Recovery,round-8,0.04464683100622975
tenant-nsy,tenant-mem,,network_receive,7-Recovery,round-8,0.012933744141612528
tenant-nsy,tenant-ntk,,network_receive,7-Recovery,round-8,0.0352571596447274
tenant-ntk,tenant-cpu,,network_receive,7-Recovery,round-8,0.5459960519329808
tenant-ntk,tenant-dsk,,network_receive,7-Recovery,round-8,0.4694896735055326
tenant-ntk,tenant-mem,,network_receive,7-Recovery,round-8,0.5282498127384242
tenant-ntk,tenant-nsy,,network_receive,7-Recovery,round-8,0.10213498395082406
tenant-cpu,tenant-dsk,,disk_io_total,1-Baseline,round-8,0.048073309898551575
tenant-cpu,tenant-mem,,disk_io_total,1-Baseline,round-8,0.1848640602501915
tenant-cpu,tenant-ntk,,disk_io_total,1-Baseline,round-8,0.2083936346727184
tenant-dsk,tenant-cpu,,disk_io_total,1-Baseline,round-8,0.02235052084621112
tenant-dsk,tenant-mem,,disk_io_total,1-Baseline,round-8,0.011904761904761904
tenant-dsk,tenant-ntk,,disk_io_total,1-Baseline,round-8,0.014151450899296036
tenant-mem,tenant-cpu,,disk_io_total,1-Baseline,round-8,0.17003227621796058
tenant-mem,tenant-dsk,,disk_io_total,1-Baseline,round-8,0.04548624299700162
tenant-mem,tenant-ntk,,disk_io_total,1-Baseline,round-8,0.17085911130738804
tenant-ntk,tenant-cpu,,disk_io_total,1-Baseline,round-8,0.27075875395306986
tenant-ntk,tenant-dsk,,disk_io_total,1-Baseline,round-8,0.055509445634495114
tenant-ntk,tenant-mem,,disk_io_total,1-Baseline,round-8,0.23084346446359869
tenant-cpu,tenant-dsk,,disk_io_total,2-CPU-Noise,round-8,0.31427560715315206
tenant-cpu,tenant-mem,,disk_io_total,2-CPU-Noise,round-8,0.26502288173407523
tenant-cpu,tenant-nsy,,disk_io_total,2-CPU-Noise,round-8,0.24083240642403045
tenant-cpu,tenant-ntk,,disk_io_total,2-CPU-Noise,round-8,0.3554733353966681
tenant-dsk,tenant-cpu,,disk_io_total,2-CPU-Noise,round-8,0.2950119716502948
tenant-dsk,tenant-mem,,disk_io_total,2-CPU-Noise,round-8,0.27017699118151234
tenant-dsk,tenant-nsy,,disk_io_total,2-CPU-Noise,round-8,0.20483845431006936
tenant-dsk,tenant-ntk,,disk_io_total,2-CPU-Noise,round-8,0.24427984346620193
tenant-mem,tenant-cpu,,disk_io_total,2-CPU-Noise,round-8,0.24067326249996504
tenant-mem,tenant-dsk,,disk_io_total,2-CPU-Noise,round-8,0.2933478396400778
tenant-mem,tenant-nsy,,disk_io_total,2-CPU-Noise,round-8,0.2273897463091074
tenant-mem,tenant-ntk,,disk_io_total,2-CPU-Noise,round-8,0.23165230578270574
tenant-nsy,tenant-cpu,,disk_io_total,2-CPU-Noise,round-8,0.1818771377926516
tenant-nsy,tenant-dsk,,disk_io_total,2-CPU-Noise,round-8,0.11561346991846272
tenant-nsy,tenant-mem,,disk_io_total,2-CPU-Noise,round-8,0.1563400533020921
tenant-nsy,tenant-ntk,,disk_io_total,2-CPU-Noise,round-8,0.15481266001095328
tenant-ntk,tenant-cpu,,disk_io_total,2-CPU-Noise,round-8,0.32030054200167674
tenant-ntk,tenant-dsk,,disk_io_total,2-CPU-Noise,round-8,0.30966142242953837
tenant-ntk,tenant-mem,,disk_io_total,2-CPU-Noise,round-8,0.28999759329192726
tenant-ntk,tenant-nsy,,disk_io_total,2-CPU-Noise,round-8,0.17188020828432893
tenant-cpu,tenant-dsk,,disk_io_total,3-Memory-Noise,round-8,0.29213022658007975
tenant-cpu,tenant-mem,,disk_io_total,3-Memory-Noise,round-8,0.2815040336626668
tenant-cpu,tenant-nsy,,disk_io_total,3-Memory-Noise,round-8,0.23047606638084248
tenant-cpu,tenant-ntk,,disk_io_total,3-Memory-Noise,round-8,0.33911925232005485
tenant-dsk,tenant-cpu,,disk_io_total,3-Memory-Noise,round-8,0.2635378772975451
tenant-dsk,tenant-mem,,disk_io_total,3-Memory-Noise,round-8,0.24368942570617305
tenant-dsk,tenant-nsy,,disk_io_total,3-Memory-Noise,round-8,0.25774876407881103
tenant-dsk,tenant-ntk,,disk_io_total,3-Memory-Noise,round-8,0.3262018127156074
tenant-mem,tenant-cpu,,disk_io_total,3-Memory-Noise,round-8,0.2937142944323808
tenant-mem,tenant-dsk,,disk_io_total,3-Memory-Noise,round-8,0.2706920376983873
tenant-mem,tenant-nsy,,disk_io_total,3-Memory-Noise,round-8,0.16744780115371827
tenant-mem,tenant-ntk,,disk_io_total,3-Memory-Noise,round-8,0.24588408116387203
tenant-nsy,tenant-cpu,,disk_io_total,3-Memory-Noise,round-8,0.24474088626697862
tenant-nsy,tenant-dsk,,disk_io_total,3-Memory-Noise,round-8,0.27551034587887213
tenant-nsy,tenant-mem,,disk_io_total,3-Memory-Noise,round-8,0.18862791163151307
tenant-nsy,tenant-ntk,,disk_io_total,3-Memory-Noise,round-8,0.23582763176995936
tenant-ntk,tenant-cpu,,disk_io_total,3-Memory-Noise,round-8,0.2718939790608877
tenant-ntk,tenant-dsk,,disk_io_total,3-Memory-Noise,round-8,0.27644047438573155
tenant-ntk,tenant-mem,,disk_io_total,3-Memory-Noise,round-8,0.25524289069953715
tenant-ntk,tenant-nsy,,disk_io_total,3-Memory-Noise,round-8,0.23717767266163517
tenant-cpu,tenant-dsk,,disk_io_total,4-Network-Noise,round-8,0.26980855960052846
tenant-cpu,tenant-mem,,disk_io_total,4-Network-Noise,round-8,0.3153052437267545
tenant-cpu,tenant-nsy,,disk_io_total,4-Network-Noise,round-8,0.3076845223468941
tenant-cpu,tenant-ntk,,disk_io_total,4-Network-Noise,round-8,0.27730349251283704
tenant-dsk,tenant-cpu,,disk_io_total,4-Network-Noise,round-8,0.23647407715590193
tenant-dsk,tenant-mem,,disk_io_total,4-Network-Noise,round-8,0.22966888271037297
tenant-dsk,tenant-nsy,,disk_io_total,4-Network-Noise,round-8,0.278902853627122
tenant-dsk,tenant-ntk,,disk_io_total,4-Network-Noise,round-8,0.21898901935367443
tenant-mem,tenant-cpu,,disk_io_total,4-Network-Noise,round-8,0.26826131491394395
tenant-mem,tenant-dsk,,disk_io_total,4-Network-Noise,round-8,0.24639284133090464
tenant-mem,tenant-nsy,,disk_io_total,4-Network-Noise,round-8,0.2856042165249225
tenant-mem,tenant-ntk,,disk_io_total,4-Network-Noise,round-8,0.24436476779033273
tenant-nsy,tenant-cpu,,disk_io_total,4-Network-Noise,round-8,0.3323134395599303
tenant-nsy,tenant-dsk,,disk_io_total,4-Network-Noise,round-8,0.29283894807329974
tenant-nsy,tenant-mem,,disk_io_total,4-Network-Noise,round-8,0.30994603109557506
tenant-nsy,tenant-ntk,,disk_io_total,4-Network-Noise,round-8,0.3078963607230505
tenant-ntk,tenant-cpu,,disk_io_total,4-Network-Noise,round-8,0.2764938349891088
tenant-ntk,tenant-dsk,,disk_io_total,4-Network-Noise,round-8,0.24792233588284518
tenant-ntk,tenant-mem,,disk_io_total,4-Network-Noise,round-8,0.2608966805447579
tenant-ntk,tenant-nsy,,disk_io_total,4-Network-Noise,round-8,0.32606143567267015
tenant-cpu,tenant-dsk,,disk_io_total,5-Disk-Noise,round-8,0.03406795384410482
tenant-cpu,tenant-mem,,disk_io_total,5-Disk-Noise,round-8,0.12765452178666645
tenant-cpu,tenant-nsy,,disk_io_total,5-Disk-Noise,round-8,0.012605559443675113
tenant-cpu,tenant-ntk,,disk_io_total,5-Disk-Noise,round-8,0.09631112391345661
tenant-dsk,tenant-cpu,,disk_io_total,5-Disk-Noise,round-8,0.033108485740541586
tenant-dsk,tenant-mem,,disk_io_total,5-Disk-Noise,round-8,0.03408374160873084
tenant-dsk,tenant-nsy,,disk_io_total,5-Disk-Noise,round-8,0.014977213818138664
tenant-dsk,tenant-ntk,,disk_io_total,5-Disk-Noise,round-8,0.061948138529223
tenant-mem,tenant-cpu,,disk_io_total,5-Disk-Noise,round-8,0.29425073459624357
tenant-mem,tenant-dsk,,disk_io_total,5-Disk-Noise,round-8,0.1125471701352828
tenant-mem,tenant-nsy,,disk_io_total,5-Disk-Noise,round-8,0.03308466407493091
tenant-mem,tenant-ntk,,disk_io_total,5-Disk-Noise,round-8,0.27722960342105085
tenant-nsy,tenant-cpu,,disk_io_total,5-Disk-Noise,round-8,0.0
tenant-nsy,tenant-dsk,,disk_io_total,5-Disk-Noise,round-8,0.0
tenant-nsy,tenant-mem,,disk_io_total,5-Disk-Noise,round-8,0.0056657223796034
tenant-nsy,tenant-ntk,,disk_io_total,5-Disk-Noise,round-8,0.0
tenant-ntk,tenant-cpu,,disk_io_total,5-Disk-Noise,round-8,0.1894709756756528
tenant-ntk,tenant-dsk,,disk_io_total,5-Disk-Noise,round-8,0.14355511098227866
tenant-ntk,tenant-mem,,disk_io_total,5-Disk-Noise,round-8,0.22434710485525114
tenant-ntk,tenant-nsy,,disk_io_total,5-Disk-Noise,round-8,0.027756985797150042
tenant-cpu,tenant-dsk,,disk_io_total,6-Combined-Noise,round-8,0.5865219006090319
tenant-cpu,tenant-mem,,disk_io_total,6-Combined-Noise,round-8,0.5370047424186629
tenant-cpu,tenant-nsy,,disk_io_total,6-Combined-Noise,round-8,0.5484505692114956
tenant-cpu,tenant-ntk,,disk_io_total,6-Combined-Noise,round-8,0.6295992564975924
tenant-dsk,tenant-cpu,,disk_io_total,6-Combined-Noise,round-8,0.580998533068906
tenant-dsk,tenant-mem,,disk_io_total,6-Combined-Noise,round-8,0.5007996785299053
tenant-dsk,tenant-nsy,,disk_io_total,6-Combined-Noise,round-8,0.5229577719019302
tenant-dsk,tenant-ntk,,disk_io_total,6-Combined-Noise,round-8,0.539182346326971
tenant-mem,tenant-cpu,,disk_io_total,6-Combined-Noise,round-8,0.7255734212473963
tenant-mem,tenant-dsk,,disk_io_total,6-Combined-Noise,round-8,0.5143257903194128
tenant-mem,tenant-nsy,,disk_io_total,6-Combined-Noise,round-8,0.5333727989208228
tenant-mem,tenant-ntk,,disk_io_total,6-Combined-Noise,round-8,0.6209665839345477
tenant-nsy,tenant-cpu,,disk_io_total,6-Combined-Noise,round-8,0.6461821599582348
tenant-nsy,tenant-dsk,,disk_io_total,6-Combined-Noise,round-8,0.5859873399825241
tenant-nsy,tenant-mem,,disk_io_total,6-Combined-Noise,round-8,0.5179269557742868
tenant-nsy,tenant-ntk,,disk_io_total,6-Combined-Noise,round-8,0.686932913093389
tenant-ntk,tenant-cpu,,disk_io_total,6-Combined-Noise,round-8,0.6279800674536227
tenant-ntk,tenant-dsk,,disk_io_total,6-Combined-Noise,round-8,0.6242023195006994
tenant-ntk,tenant-mem,,disk_io_total,6-Combined-Noise,round-8,0.6536638191603339
tenant-ntk,tenant-nsy,,disk_io_total,6-Combined-Noise,round-8,0.76690270561807
tenant-cpu,tenant-dsk,,disk_io_total,7-Recovery,round-8,0.05784273010962931
tenant-cpu,tenant-mem,,disk_io_total,7-Recovery,round-8,0.1320698699718043
tenant-cpu,tenant-nsy,,disk_io_total,7-Recovery,round-8,0.0
tenant-cpu,tenant-ntk,,disk_io_total,7-Recovery,round-8,0.1261149583046473
tenant-dsk,tenant-cpu,,disk_io_total,7-Recovery,round-8,0.20229996070866219
tenant-dsk,tenant-mem,,disk_io_total,7-Recovery,round-8,0.3075857667685778
tenant-dsk,tenant-nsy,,disk_io_total,7-Recovery,round-8,0.012933744141612528
tenant-dsk,tenant-ntk,,disk_io_total,7-Recovery,round-8,0.25766165677445996
tenant-mem,tenant-cpu,,disk_io_total,7-Recovery,round-8,0.2976488339489344
tenant-mem,tenant-dsk,,disk_io_total,7-Recovery,round-8,0.4014732021093797
tenant-mem,tenant-nsy,,disk_io_total,7-Recovery,round-8,0.017623676814643698
tenant-mem,tenant-ntk,,disk_io_total,7-Recovery,round-8,0.5698641831983525
tenant-nsy,tenant-cpu,,disk_io_total,7-Recovery,round-8,0.0
tenant-nsy,tenant-dsk,,disk_io_total,7-Recovery,round-8,0.0
tenant-nsy,tenant-mem,,disk_io_total,7-Recovery,round-8,0.0
tenant-nsy,tenant-ntk,,disk_io_total,7-Recovery,round-8,0.0
tenant-ntk,tenant-cpu,,disk_io_total,7-Recovery,round-8,0.20291341101712104
tenant-ntk,tenant-dsk,,disk_io_total,7-Recovery,round-8,0.2728362430190049
tenant-ntk,tenant-mem,,disk_io_total,7-Recovery,round-8,0.4389845659828263
tenant-ntk,tenant-nsy,,disk_io_total,7-Recovery,round-8,0.0017113989511750249
