method,metric,phase,source,target,neg_log_p,p-value,score,num_rounds
granger,cpu_usage,1-Baseline,tenant-cpu,tenant-dsk,4.113917404854858,0.012076997033791104,,10
granger,cpu_usage,1-Baseline,tenant-cpu,tenant-mem,3.950115808999775,0.0178545668727467,,10
granger,cpu_usage,1-Baseline,tenant-cpu,tenant-ntk,5.076424012595627,0.0020727695285481223,,10
granger,cpu_usage,1-Baseline,tenant-dsk,tenant-cpu,2.533792155051308,0.017200972674753474,,10
granger,cpu_usage,1-Baseline,tenant-dsk,tenant-mem,2.4863356535330547,0.09496051895256538,,10
granger,cpu_usage,1-Baseline,tenant-dsk,tenant-ntk,2.1626262574224064,0.03336064769914139,,10
granger,cpu_usage,1-Baseline,tenant-mem,tenant-cpu,2.7421313182278313,0.07273863459131572,,10
granger,cpu_usage,1-Baseline,tenant-mem,tenant-dsk,4.398191162643034,0.0031608275543753366,,10
granger,cpu_usage,1-Baseline,tenant-mem,tenant-ntk,4.71245391961509,0.03170362888116134,,10
granger,cpu_usage,1-Baseline,tenant-ntk,tenant-cpu,6.427319417508424,0.001649078805509167,,10
granger,cpu_usage,1-Baseline,tenant-ntk,tenant-dsk,6.389550313433049,6.506855040511558e-05,,10
granger,cpu_usage,1-Baseline,tenant-ntk,tenant-mem,6.300236303610845,9.71640136459276e-06,,10
granger,cpu_usage,2-CPU-Noise,tenant-cpu,tenant-dsk,5.213284642548855,0.02094765920599461,,10
granger,cpu_usage,2-CPU-Noise,tenant-cpu,tenant-mem,4.458710353013169,0.027200047159474067,,10
granger,cpu_usage,2-CPU-Noise,tenant-cpu,tenant-nsy,8.258286186740445,0.005785594801355422,,10
granger,cpu_usage,2-CPU-Noise,tenant-cpu,tenant-ntk,2.8523595001682347,0.028210056759098646,,10
granger,cpu_usage,2-CPU-Noise,tenant-dsk,tenant-cpu,3.104847766963048,0.004065638756394505,,10
granger,cpu_usage,2-CPU-Noise,tenant-dsk,tenant-mem,3.032425154172422,0.03144500523200625,,10
granger,cpu_usage,2-CPU-Noise,tenant-dsk,tenant-nsy,3.5866914040104496,0.009201982694981004,,10
granger,cpu_usage,2-CPU-Noise,tenant-dsk,tenant-ntk,1.3804360512767202,0.20883945916403554,,10
granger,cpu_usage,2-CPU-Noise,tenant-mem,tenant-cpu,5.0282838760939494,0.0008260962333119199,,10
granger,cpu_usage,2-CPU-Noise,tenant-mem,tenant-dsk,3.902175139276647,0.002089023527172651,,10
granger,cpu_usage,2-CPU-Noise,tenant-mem,tenant-nsy,7.816436062563528,0.0017264433497622684,,10
granger,cpu_usage,2-CPU-Noise,tenant-mem,tenant-ntk,2.724244035280268,0.019414403492056007,,10
granger,cpu_usage,2-CPU-Noise,tenant-nsy,tenant-cpu,9.60075384966921,0.00012598542678421816,,10
granger,cpu_usage,2-CPU-Noise,tenant-nsy,tenant-dsk,4.887758329720202,0.0012019591850935066,,10
granger,cpu_usage,2-CPU-Noise,tenant-nsy,tenant-mem,8.234510178173647,8.684008623443707e-05,,10
granger,cpu_usage,2-CPU-Noise,tenant-nsy,tenant-ntk,4.628034876083962,0.0006142463347477161,,10
granger,cpu_usage,2-CPU-Noise,tenant-ntk,tenant-cpu,7.158595019670075,2.03457118876524e-05,,10
granger,cpu_usage,2-CPU-Noise,tenant-ntk,tenant-dsk,5.3202035146860736,0.010544274040735341,,10
granger,cpu_usage,2-CPU-Noise,tenant-ntk,tenant-mem,5.989862163166025,0.00017098956557776157,,10
granger,cpu_usage,2-CPU-Noise,tenant-ntk,tenant-nsy,7.202972798040287,0.000514484455334774,,10
granger,cpu_usage,3-Memory-Noise,tenant-cpu,tenant-dsk,4.5144653791819565,0.006742284525973932,,10
granger,cpu_usage,3-Memory-Noise,tenant-cpu,tenant-mem,3.753692821963103,0.02289051393670763,,10
granger,cpu_usage,3-Memory-Noise,tenant-cpu,tenant-nsy,6.951982158028504,0.0033066788093595173,,10
granger,cpu_usage,3-Memory-Noise,tenant-cpu,tenant-ntk,3.4198727575612713,0.014547766420191196,,10
granger,cpu_usage,3-Memory-Noise,tenant-dsk,tenant-cpu,3.283531363257199,0.028425499727965486,,10
granger,cpu_usage,3-Memory-Noise,tenant-dsk,tenant-mem,3.8007027569948675,0.07187252336525667,,10
granger,cpu_usage,3-Memory-Noise,tenant-dsk,tenant-nsy,3.4853336128730468,0.010928649167765533,,10
granger,cpu_usage,3-Memory-Noise,tenant-dsk,tenant-ntk,2.576846097731568,0.18092344360439666,,10
granger,cpu_usage,3-Memory-Noise,tenant-mem,tenant-cpu,2.6815882056562,0.046207617568727335,,10
granger,cpu_usage,3-Memory-Noise,tenant-mem,tenant-dsk,4.9550168257791025,0.0013130139346738175,,10
granger,cpu_usage,3-Memory-Noise,tenant-mem,tenant-nsy,7.758705809332303,0.0023832327827362503,,10
granger,cpu_usage,3-Memory-Noise,tenant-mem,tenant-ntk,3.8495847148113933,0.00316773135855768,,10
granger,cpu_usage,3-Memory-Noise,tenant-nsy,tenant-cpu,7.141473931896925,0.00027284245523859034,,10
granger,cpu_usage,3-Memory-Noise,tenant-nsy,tenant-dsk,3.3005735272335657,0.022608215199629873,,10
granger,cpu_usage,3-Memory-Noise,tenant-nsy,tenant-mem,7.35956643640417,0.009259135607371991,,10
granger,cpu_usage,3-Memory-Noise,tenant-nsy,tenant-ntk,3.0693168656898733,0.010811771454573498,,10
granger,cpu_usage,3-Memory-Noise,tenant-ntk,tenant-cpu,5.704817363708266,0.0028257782612338316,,10
granger,cpu_usage,3-Memory-Noise,tenant-ntk,tenant-dsk,5.895133403197624,0.0018662457636175983,,10
granger,cpu_usage,3-Memory-Noise,tenant-ntk,tenant-mem,5.772916746411363,0.00102067352813848,,10
granger,cpu_usage,3-Memory-Noise,tenant-ntk,tenant-nsy,6.278297921338739,3.504024854556158e-05,,10
granger,cpu_usage,4-Network-Noise,tenant-cpu,tenant-dsk,3.6954953973146027,0.020358204316800205,,10
granger,cpu_usage,4-Network-Noise,tenant-cpu,tenant-mem,4.847162661815679,0.05038179363411717,,10
granger,cpu_usage,4-Network-Noise,tenant-cpu,tenant-nsy,10.439810947356651,0.0004319703472206903,,10
granger,cpu_usage,4-Network-Noise,tenant-cpu,tenant-ntk,2.926956236503229,0.0532130069133134,,10
granger,cpu_usage,4-Network-Noise,tenant-dsk,tenant-cpu,4.067924761092514,0.003114456882754803,,10
granger,cpu_usage,4-Network-Noise,tenant-dsk,tenant-mem,3.2374013287885988,0.0405930196846009,,10
granger,cpu_usage,4-Network-Noise,tenant-dsk,tenant-nsy,2.6896064167391107,0.09404701650650202,,10
granger,cpu_usage,4-Network-Noise,tenant-dsk,tenant-ntk,1.6283721501032993,0.09908647065740842,,10
granger,cpu_usage,4-Network-Noise,tenant-mem,tenant-cpu,4.023478109529116,0.003366599209389711,,10
granger,cpu_usage,4-Network-Noise,tenant-mem,tenant-dsk,4.218644088122939,0.002028014921049245,,10
granger,cpu_usage,4-Network-Noise,tenant-mem,tenant-nsy,10.239996420958075,5.30891134074139e-05,,10
granger,cpu_usage,4-Network-Noise,tenant-mem,tenant-ntk,3.3615855537406047,0.05101845218210628,,10
granger,cpu_usage,4-Network-Noise,tenant-nsy,tenant-cpu,13.242518480154189,0.0004668925878227108,,10
granger,cpu_usage,4-Network-Noise,tenant-nsy,tenant-dsk,3.608220437825542,0.010671334760061959,,10
granger,cpu_usage,4-Network-Noise,tenant-nsy,tenant-mem,13.84367769238358,6.258938081385513e-05,,10
granger,cpu_usage,4-Network-Noise,tenant-nsy,tenant-ntk,3.5640359982183,0.10672983061300449,,10
granger,cpu_usage,4-Network-Noise,tenant-ntk,tenant-cpu,7.504572692961825,0.00683846238251915,,10
granger,cpu_usage,4-Network-Noise,tenant-ntk,tenant-dsk,4.559210896663037,0.0032298990336173733,,10
granger,cpu_usage,4-Network-Noise,tenant-ntk,tenant-mem,7.296476096988096,0.002936661240043586,,10
granger,cpu_usage,4-Network-Noise,tenant-ntk,tenant-nsy,7.219964130483104,0.0011641834574735535,,10
granger,cpu_usage,5-Disk-Noise,tenant-cpu,tenant-dsk,4.741925943903559,0.00755108087991053,,10
granger,cpu_usage,5-Disk-Noise,tenant-cpu,tenant-mem,3.6545869749596362,0.09305731840678133,,10
granger,cpu_usage,5-Disk-Noise,tenant-cpu,tenant-nsy,4.186801936631697,0.007402014904806138,,10
granger,cpu_usage,5-Disk-Noise,tenant-cpu,tenant-ntk,4.56157593684122,0.019840449665612585,,10
granger,cpu_usage,5-Disk-Noise,tenant-dsk,tenant-cpu,2.190609284525154,0.09069355374063255,,10
granger,cpu_usage,5-Disk-Noise,tenant-dsk,tenant-mem,2.8560322785611967,0.09216246770075012,,10
granger,cpu_usage,5-Disk-Noise,tenant-dsk,tenant-nsy,1.854332032247791,0.047777977716772654,,10
granger,cpu_usage,5-Disk-Noise,tenant-dsk,tenant-ntk,1.9589171887127628,0.13383834026776736,,10
granger,cpu_usage,5-Disk-Noise,tenant-mem,tenant-cpu,3.7757427484897343,0.09862341679979696,,10
granger,cpu_usage,5-Disk-Noise,tenant-mem,tenant-dsk,4.890582430418159,0.0085228967359403,,10
granger,cpu_usage,5-Disk-Noise,tenant-mem,tenant-nsy,5.834739320533762,0.05550003489581608,,10
granger,cpu_usage,5-Disk-Noise,tenant-mem,tenant-ntk,4.3537586338419185,0.0687613393386778,,10
granger,cpu_usage,5-Disk-Noise,tenant-nsy,tenant-cpu,2.4849238213534064,0.1449366628615572,,10
granger,cpu_usage,5-Disk-Noise,tenant-nsy,tenant-dsk,2.7350390374518176,0.0871376477430956,,10
granger,cpu_usage,5-Disk-Noise,tenant-nsy,tenant-mem,2.590529980766441,0.11576993982197825,,10
granger,cpu_usage,5-Disk-Noise,tenant-nsy,tenant-ntk,2.1776186842273497,0.20059513503519993,,10
granger,cpu_usage,5-Disk-Noise,tenant-ntk,tenant-cpu,5.824933712932753,0.02140960221513459,,10
granger,cpu_usage,5-Disk-Noise,tenant-ntk,tenant-dsk,4.266728771051914,0.012344542304736734,,10
granger,cpu_usage,5-Disk-Noise,tenant-ntk,tenant-mem,4.53120228503735,0.03276089242301557,,10
granger,cpu_usage,5-Disk-Noise,tenant-ntk,tenant-nsy,4.611888829843922,0.022913873971887464,,10
granger,cpu_usage,6-Combined-Noise,tenant-cpu,tenant-dsk,2.3029131803417937,0.11814647719977481,,10
granger,cpu_usage,6-Combined-Noise,tenant-cpu,tenant-mem,3.676069714626248,0.1887927421717102,,10
granger,cpu_usage,6-Combined-Noise,tenant-cpu,tenant-nsy,7.773197706633883,0.005164793408719273,,10
granger,cpu_usage,6-Combined-Noise,tenant-cpu,tenant-ntk,2.1455721099319676,0.13044241200350185,,10
granger,cpu_usage,6-Combined-Noise,tenant-dsk,tenant-cpu,2.078274076861427,0.13105956078217992,,10
granger,cpu_usage,6-Combined-Noise,tenant-dsk,tenant-mem,3.070695465171887,0.09244746435958051,,10
granger,cpu_usage,6-Combined-Noise,tenant-dsk,tenant-nsy,2.504532305899763,0.13845306038777966,,10
granger,cpu_usage,6-Combined-Noise,tenant-dsk,tenant-ntk,1.667719763640872,0.10397471524462147,,10
granger,cpu_usage,6-Combined-Noise,tenant-mem,tenant-cpu,3.5807539568010016,0.036036990005356234,,10
granger,cpu_usage,6-Combined-Noise,tenant-mem,tenant-dsk,2.917377596357474,0.035705712981462384,,10
granger,cpu_usage,6-Combined-Noise,tenant-mem,tenant-nsy,7.925592638264052,0.004914414528373263,,10
granger,cpu_usage,6-Combined-Noise,tenant-mem,tenant-ntk,2.717005227354818,0.047541244214226,,10
granger,cpu_usage,6-Combined-Noise,tenant-nsy,tenant-cpu,10.232310434616414,0.00018145794103978507,,10
granger,cpu_usage,6-Combined-Noise,tenant-nsy,tenant-dsk,6.051543435145105,0.00784819084140726,,10
granger,cpu_usage,6-Combined-Noise,tenant-nsy,tenant-mem,11.532844430130213,0.011036404060761913,,10
granger,cpu_usage,6-Combined-Noise,tenant-nsy,tenant-ntk,6.979297262073651,0.029069832270599855,,10
granger,cpu_usage,6-Combined-Noise,tenant-ntk,tenant-cpu,4.80206047554718,0.03097132925960876,,10
granger,cpu_usage,6-Combined-Noise,tenant-ntk,tenant-dsk,3.8693154671722167,0.05065696727127692,,10
granger,cpu_usage,6-Combined-Noise,tenant-ntk,tenant-mem,5.982590506053638,0.1510572983136284,,10
granger,cpu_usage,6-Combined-Noise,tenant-ntk,tenant-nsy,6.789484990054277,0.013703411134861223,,10
granger,cpu_usage,7-Recovery,tenant-cpu,tenant-dsk,3.0357585782599403,0.056153884684337664,,10
granger,cpu_usage,7-Recovery,tenant-cpu,tenant-mem,3.0068351610804425,0.07534518678673825,,10
granger,cpu_usage,7-Recovery,tenant-cpu,tenant-nsy,0.7670301989684222,0.43101457179484176,,10
granger,cpu_usage,7-Recovery,tenant-cpu,tenant-ntk,2.5544364560731943,0.14571845388718035,,10
granger,cpu_usage,7-Recovery,tenant-dsk,tenant-cpu,1.6455570515506548,0.145672505820227,,10
granger,cpu_usage,7-Recovery,tenant-dsk,tenant-mem,1.683954874539813,0.17455271621863955,,10
granger,cpu_usage,7-Recovery,tenant-dsk,tenant-nsy,0.9238509019758473,0.4281957661346992,,10
granger,cpu_usage,7-Recovery,tenant-dsk,tenant-ntk,2.097125403894492,0.22545561985086296,,10
granger,cpu_usage,7-Recovery,tenant-mem,tenant-cpu,2.46573857763203,0.04446572407127901,,10
granger,cpu_usage,7-Recovery,tenant-mem,tenant-dsk,3.1292148365436363,0.03694017238378937,,10
granger,cpu_usage,7-Recovery,tenant-mem,tenant-nsy,0.9857320777141483,0.3110073538260277,,10
granger,cpu_usage,7-Recovery,tenant-mem,tenant-ntk,2.605510033793949,0.04569918504174769,,10
granger,cpu_usage,7-Recovery,tenant-nsy,tenant-cpu,7.009768882803394,0.009706705473985784,,10
granger,cpu_usage,7-Recovery,tenant-nsy,tenant-dsk,0.8976408191789877,0.36886367300900924,,10
granger,cpu_usage,7-Recovery,tenant-nsy,tenant-mem,6.495191752100608,0.1108592094694095,,10
granger,cpu_usage,7-Recovery,tenant-nsy,tenant-ntk,0.7176862939574872,0.37664204290110537,,10
granger,cpu_usage,7-Recovery,tenant-ntk,tenant-cpu,4.4990792241077235,0.0632371681627297,,10
granger,cpu_usage,7-Recovery,tenant-ntk,tenant-dsk,4.228075799083385,0.04335189525354897,,10
granger,cpu_usage,7-Recovery,tenant-ntk,tenant-mem,5.522878113128235,0.010404715710842583,,10
granger,cpu_usage,7-Recovery,tenant-ntk,tenant-nsy,1.1293544719253723,0.49547980758888527,,10
granger,disk_io_total,1-Baseline,tenant-cpu,tenant-dsk,0.7773441090648651,0.34758769090107927,,10
granger,disk_io_total,1-Baseline,tenant-cpu,tenant-mem,1.2668173376027088,0.19578112857572522,,10
granger,disk_io_total,1-Baseline,tenant-cpu,tenant-ntk,1.4622367634218503,0.2029177709389979,,10
granger,disk_io_total,1-Baseline,tenant-dsk,tenant-cpu,1.4135890305818237,0.24841370194006024,,10
granger,disk_io_total,1-Baseline,tenant-dsk,tenant-mem,0.6743558297175215,0.41361532126245865,,10
granger,disk_io_total,1-Baseline,tenant-dsk,tenant-ntk,1.6505718033478938,0.2170167291694888,,10
granger,disk_io_total,1-Baseline,tenant-mem,tenant-cpu,1.6366401078175117,0.10973349009606652,,10
granger,disk_io_total,1-Baseline,tenant-mem,tenant-dsk,1.1348911359000318,0.28025965560933674,,10
granger,disk_io_total,1-Baseline,tenant-mem,tenant-ntk,1.856727969319125,0.10447515558970814,,10
granger,disk_io_total,1-Baseline,tenant-ntk,tenant-cpu,2.4981139247134294,0.029789397299084818,,10
granger,disk_io_total,1-Baseline,tenant-ntk,tenant-dsk,0.9504407377186752,0.2612936987828771,,10
granger,disk_io_total,1-Baseline,tenant-ntk,tenant-mem,1.8501745222137171,0.10903015868505068,,10
granger,disk_io_total,2-CPU-Noise,tenant-cpu,tenant-dsk,1.6980322422701835,0.23639653463556365,,10
granger,disk_io_total,2-CPU-Noise,tenant-cpu,tenant-mem,1.7204869283095907,0.1003220688746026,,10
granger,disk_io_total,2-CPU-Noise,tenant-cpu,tenant-nsy,2.5082228318237325,0.07193499684491379,,10
granger,disk_io_total,2-CPU-Noise,tenant-cpu,tenant-ntk,1.8939507956802093,0.08771313329282115,,10
granger,disk_io_total,2-CPU-Noise,tenant-dsk,tenant-cpu,2.319391619400284,0.08016954962438835,,10
granger,disk_io_total,2-CPU-Noise,tenant-dsk,tenant-mem,2.5656780414928533,0.11252051119769399,,10
granger,disk_io_total,2-CPU-Noise,tenant-dsk,tenant-nsy,2.3220320656040645,0.03359280910503255,,10
granger,disk_io_total,2-CPU-Noise,tenant-dsk,tenant-ntk,1.6801843474833233,0.13926184140491407,,10
granger,disk_io_total,2-CPU-Noise,tenant-mem,tenant-cpu,2.563307910895566,0.07316919607269505,,10
granger,disk_io_total,2-CPU-Noise,tenant-mem,tenant-dsk,1.840159545592424,0.06552940989783884,,10
granger,disk_io_total,2-CPU-Noise,tenant-mem,tenant-nsy,1.7425345291682866,0.07546526603096643,,10
granger,disk_io_total,2-CPU-Noise,tenant-mem,tenant-ntk,2.168245625824485,0.03663079030256807,,10
granger,disk_io_total,2-CPU-Noise,tenant-nsy,tenant-cpu,2.5787388178500428,0.033118462423464265,,10
granger,disk_io_total,2-CPU-Noise,tenant-nsy,tenant-dsk,2.0751044596932475,0.03681295985570745,,10
granger,disk_io_total,2-CPU-Noise,tenant-nsy,tenant-mem,2.279254543044102,0.05367224708248046,,10
granger,disk_io_total,2-CPU-Noise,tenant-nsy,tenant-ntk,1.9893005866320315,0.07504100235369074,,10
granger,disk_io_total,2-CPU-Noise,tenant-ntk,tenant-cpu,2.2003462254748944,0.06510148958382878,,10
granger,disk_io_total,2-CPU-Noise,tenant-ntk,tenant-dsk,1.3554595727134682,0.2043911658553522,,10
granger,disk_io_total,2-CPU-Noise,tenant-ntk,tenant-mem,1.8390716166587453,0.1951424794777732,,10
granger,disk_io_total,2-CPU-Noise,tenant-ntk,tenant-nsy,2.5087040545973025,0.09012557680615531,,10
granger,disk_io_total,3-Memory-Noise,tenant-cpu,tenant-dsk,1.8335569551212394,0.10500657100945462,,10
granger,disk_io_total,3-Memory-Noise,tenant-cpu,tenant-mem,1.717483611949286,0.1114139557002056,,10
granger,disk_io_total,3-Memory-Noise,tenant-cpu,tenant-nsy,1.9562479608024812,0.1600640329947845,,10
granger,disk_io_total,3-Memory-Noise,tenant-cpu,tenant-ntk,2.0985829992521015,0.12863537633930958,,10
granger,disk_io_total,3-Memory-Noise,tenant-dsk,tenant-cpu,1.9060868805639384,0.12350225130960975,,10
granger,disk_io_total,3-Memory-Noise,tenant-dsk,tenant-mem,1.90527997028801,0.08940782037807875,,10
granger,disk_io_total,3-Memory-Noise,tenant-dsk,tenant-nsy,2.397771094725242,0.04168696338287082,,10
granger,disk_io_total,3-Memory-Noise,tenant-dsk,tenant-ntk,2.5313095201238514,0.09410485545688964,,10
granger,disk_io_total,3-Memory-Noise,tenant-mem,tenant-cpu,1.4421326149085583,0.18081364822246068,,10
granger,disk_io_total,3-Memory-Noise,tenant-mem,tenant-dsk,1.9810942429136162,0.03288083990652367,,10
granger,disk_io_total,3-Memory-Noise,tenant-mem,tenant-nsy,1.8934436199739122,0.09881843012048841,,10
granger,disk_io_total,3-Memory-Noise,tenant-mem,tenant-ntk,2.3141348045668204,0.05454012718387924,,10
granger,disk_io_total,3-Memory-Noise,tenant-nsy,tenant-cpu,2.0847932816153554,0.14365770911496795,,10
granger,disk_io_total,3-Memory-Noise,tenant-nsy,tenant-dsk,1.6443423552450631,0.12775223703434319,,10
granger,disk_io_total,3-Memory-Noise,tenant-nsy,tenant-mem,2.1788265884346067,0.038643968096152725,,10
granger,disk_io_total,3-Memory-Noise,tenant-nsy,tenant-ntk,1.9734542374777508,0.09156318124320681,,10
granger,disk_io_total,3-Memory-Noise,tenant-ntk,tenant-cpu,1.5049218945719844,0.13658331748199287,,10
granger,disk_io_total,3-Memory-Noise,tenant-ntk,tenant-dsk,1.8697882947928626,0.041975730419685595,,10
granger,disk_io_total,3-Memory-Noise,tenant-ntk,tenant-mem,1.96075000960808,0.07334098240930655,,10
granger,disk_io_total,3-Memory-Noise,tenant-ntk,tenant-nsy,1.4853665265100573,0.16806106490868095,,10
granger,disk_io_total,4-Network-Noise,tenant-cpu,tenant-dsk,1.7686531923714952,0.11064371374224971,,10
granger,disk_io_total,4-Network-Noise,tenant-cpu,tenant-mem,1.4720439250602875,0.2205486833719191,,10
granger,disk_io_total,4-Network-Noise,tenant-cpu,tenant-nsy,1.5702182814860675,0.09517515837216445,,10
granger,disk_io_total,4-Network-Noise,tenant-cpu,tenant-ntk,1.4479174057471846,0.13703969829177115,,10
granger,disk_io_total,4-Network-Noise,tenant-dsk,tenant-cpu,3.044959734792926,0.018609797101499785,,10
granger,disk_io_total,4-Network-Noise,tenant-dsk,tenant-mem,1.58349731175187,0.10093842096289443,,10
granger,disk_io_total,4-Network-Noise,tenant-dsk,tenant-nsy,2.5789046249593417,0.053401763051024356,,10
granger,disk_io_total,4-Network-Noise,tenant-dsk,tenant-ntk,2.3748692022809665,0.01981668778178733,,10
granger,disk_io_total,4-Network-Noise,tenant-mem,tenant-cpu,2.7819928431307295,0.026129763824270735,,10
granger,disk_io_total,4-Network-Noise,tenant-mem,tenant-dsk,1.7095244452923193,0.1313249987579499,,10
granger,disk_io_total,4-Network-Noise,tenant-mem,tenant-nsy,1.9332642158072428,0.07811579928006568,,10
granger,disk_io_total,4-Network-Noise,tenant-mem,tenant-ntk,2.3653920866842144,0.13020489907058436,,10
granger,disk_io_total,4-Network-Noise,tenant-nsy,tenant-cpu,1.8485419270932766,0.10155724507696609,,10
granger,disk_io_total,4-Network-Noise,tenant-nsy,tenant-dsk,2.17951975416009,0.07867066257017893,,10
granger,disk_io_total,4-Network-Noise,tenant-nsy,tenant-mem,2.6873340359474227,0.04761719871068275,,10
granger,disk_io_total,4-Network-Noise,tenant-nsy,tenant-ntk,1.8588306463382271,0.1273248727928984,,10
granger,disk_io_total,4-Network-Noise,tenant-ntk,tenant-cpu,2.1107484805834344,0.050965221861476076,,10
granger,disk_io_total,4-Network-Noise,tenant-ntk,tenant-dsk,1.6214334136671638,0.1428607962344759,,10
granger,disk_io_total,4-Network-Noise,tenant-ntk,tenant-mem,1.7729335636749215,0.052770610832329604,,10
granger,disk_io_total,4-Network-Noise,tenant-ntk,tenant-nsy,1.560430877534551,0.12884721783012362,,10
granger,disk_io_total,5-Disk-Noise,tenant-cpu,tenant-dsk,2.0263233291901552,0.06344585739025436,,10
granger,disk_io_total,5-Disk-Noise,tenant-cpu,tenant-mem,1.3908495370096765,0.20681764095203628,,10
granger,disk_io_total,5-Disk-Noise,tenant-cpu,tenant-nsy,1.6094789461795052,0.07289459186571051,,10
granger,disk_io_total,5-Disk-Noise,tenant-cpu,tenant-ntk,1.7072564120754214,0.14035753518154803,,10
granger,disk_io_total,5-Disk-Noise,tenant-dsk,tenant-cpu,1.9210694783538185,0.1319218986382487,,10
granger,disk_io_total,5-Disk-Noise,tenant-dsk,tenant-mem,1.9378324307177806,0.058022447572699,,10
granger,disk_io_total,5-Disk-Noise,tenant-dsk,tenant-nsy,8.064064843988655,0.0008236555779449825,,10
granger,disk_io_total,5-Disk-Noise,tenant-dsk,tenant-ntk,2.3226181149753664,0.08825249527826276,,10
granger,disk_io_total,5-Disk-Noise,tenant-mem,tenant-cpu,1.8443083376993592,0.25615814573096357,,10
granger,disk_io_total,5-Disk-Noise,tenant-mem,tenant-dsk,2.007534890397328,0.13787200389881055,,10
granger,disk_io_total,5-Disk-Noise,tenant-mem,tenant-nsy,2.4510536515114967,0.07495952941011812,,10
granger,disk_io_total,5-Disk-Noise,tenant-mem,tenant-ntk,2.086387507849173,0.11415204318363914,,10
granger,disk_io_total,5-Disk-Noise,tenant-nsy,tenant-cpu,1.8639962067548628,0.17651294410979698,,10
granger,disk_io_total,5-Disk-Noise,tenant-nsy,tenant-dsk,9.346350662598992,0.0007380002748406682,,10
granger,disk_io_total,5-Disk-Noise,tenant-nsy,tenant-mem,0.9906068806116499,0.2485253663211291,,10
granger,disk_io_total,5-Disk-Noise,tenant-nsy,tenant-ntk,1.3010924988803387,0.16977603856070328,,10
granger,disk_io_total,5-Disk-Noise,tenant-ntk,tenant-cpu,1.4309757587071352,0.12734155342800135,,10
granger,disk_io_total,5-Disk-Noise,tenant-ntk,tenant-dsk,2.170457711938824,0.1376337875078174,,10
granger,disk_io_total,5-Disk-Noise,tenant-ntk,tenant-mem,1.5356216154813453,0.200412211193611,,10
granger,disk_io_total,5-Disk-Noise,tenant-ntk,tenant-nsy,2.4342963048493957,0.14531714842525736,,10
granger,disk_io_total,6-Combined-Noise,tenant-cpu,tenant-dsk,1.5078272901436578,0.1777700173731951,,10
granger,disk_io_total,6-Combined-Noise,tenant-cpu,tenant-mem,1.6165273184287714,0.0883949506125047,,10
granger,disk_io_total,6-Combined-Noise,tenant-cpu,tenant-nsy,1.321161703430058,0.24691824205557636,,10
granger,disk_io_total,6-Combined-Noise,tenant-cpu,tenant-ntk,1.2260311135880078,0.15947292819171305,,10
granger,disk_io_total,6-Combined-Noise,tenant-dsk,tenant-cpu,1.9514400364257163,0.2503148946818555,,10
granger,disk_io_total,6-Combined-Noise,tenant-dsk,tenant-mem,1.7855341851449495,0.16533376632223745,,10
granger,disk_io_total,6-Combined-Noise,tenant-dsk,tenant-nsy,2.0734338326287323,0.1618315837269502,,10
granger,disk_io_total,6-Combined-Noise,tenant-dsk,tenant-ntk,1.54911556510591,0.10142289915913594,,10
granger,disk_io_total,6-Combined-Noise,tenant-mem,tenant-cpu,0.8393970943946509,0.29463403731882143,,10
granger,disk_io_total,6-Combined-Noise,tenant-mem,tenant-dsk,1.3847542837372806,0.12878171507856961,,10
granger,disk_io_total,6-Combined-Noise,tenant-mem,tenant-nsy,1.3062725385431846,0.18415640755935608,,10
granger,disk_io_total,6-Combined-Noise,tenant-mem,tenant-ntk,1.453974313253843,0.15634550306371048,,10
granger,disk_io_total,6-Combined-Noise,tenant-nsy,tenant-cpu,1.91474338457449,0.10337573745016984,,10
granger,disk_io_total,6-Combined-Noise,tenant-nsy,tenant-dsk,2.4172585717835444,0.14520246640401996,,10
granger,disk_io_total,6-Combined-Noise,tenant-nsy,tenant-mem,2.3176152960283,0.03132847769410198,,10
granger,disk_io_total,6-Combined-Noise,tenant-nsy,tenant-ntk,1.8796228944913924,0.17346455149203094,,10
granger,disk_io_total,6-Combined-Noise,tenant-ntk,tenant-cpu,1.3938086346804326,0.2525398018874268,,10
granger,disk_io_total,6-Combined-Noise,tenant-ntk,tenant-dsk,1.848152215906968,0.15737249654841098,,10
granger,disk_io_total,6-Combined-Noise,tenant-ntk,tenant-mem,1.8215053029594945,0.20337936136982612,,10
granger,disk_io_total,6-Combined-Noise,tenant-ntk,tenant-nsy,1.4995986663654672,0.1693932569782139,,10
granger,disk_io_total,7-Recovery,tenant-cpu,tenant-dsk,1.8709267852301132,0.07794709890714824,,10
granger,disk_io_total,7-Recovery,tenant-cpu,tenant-mem,1.961367789956548,0.18761782599907126,,10
granger,disk_io_total,7-Recovery,tenant-cpu,tenant-nsy,0.5812375724666855,0.5823617864504373,,8
granger,disk_io_total,7-Recovery,tenant-cpu,tenant-ntk,1.135999738510278,0.20447696803589138,,10
granger,disk_io_total,7-Recovery,tenant-dsk,tenant-cpu,1.848483044854726,0.09275865361115639,,10
granger,disk_io_total,7-Recovery,tenant-dsk,tenant-mem,1.7774883640628751,0.055055699575484264,,10
granger,disk_io_total,7-Recovery,tenant-dsk,tenant-nsy,0.35188685568424943,0.5618171578971769,,8
granger,disk_io_total,7-Recovery,tenant-dsk,tenant-ntk,1.7386275761997794,0.1203079777634338,,10
granger,disk_io_total,7-Recovery,tenant-mem,tenant-cpu,1.4143238809806675,0.21401667653008313,,10
granger,disk_io_total,7-Recovery,tenant-mem,tenant-dsk,2.087260807152627,0.13163734049632675,,10
granger,disk_io_total,7-Recovery,tenant-mem,tenant-nsy,0.9013010453701441,0.3350266747582532,,8
granger,disk_io_total,7-Recovery,tenant-mem,tenant-ntk,1.7765234300217005,0.07333692953425616,,10
granger,disk_io_total,7-Recovery,tenant-nsy,tenant-cpu,0.7227959628794465,0.4102168091578566,,8
granger,disk_io_total,7-Recovery,tenant-nsy,tenant-dsk,0.9461870605602565,0.395218861590115,,8
granger,disk_io_total,7-Recovery,tenant-nsy,tenant-mem,1.449186475964944,0.2892993555837125,,8
granger,disk_io_total,7-Recovery,tenant-nsy,tenant-ntk,1.558208413024333,0.22030683595699938,,8
granger,disk_io_total,7-Recovery,tenant-ntk,tenant-cpu,1.492079346077532,0.21219391728536804,,10
granger,disk_io_total,7-Recovery,tenant-ntk,tenant-dsk,1.6570293953669584,0.12374793772119672,,10
granger,disk_io_total,7-Recovery,tenant-ntk,tenant-mem,2.3215579338601717,0.16736472771111377,,10
granger,disk_io_total,7-Recovery,tenant-ntk,tenant-nsy,0.4716765859807662,0.4523394468109409,,8
granger,memory_usage,1-Baseline,tenant-cpu,tenant-dsk,0.5157979935248458,0.4852841611038138,,10
granger,memory_usage,1-Baseline,tenant-cpu,tenant-mem,0.755517499255099,0.6393329999962987,,10
granger,memory_usage,1-Baseline,tenant-cpu,tenant-ntk,0.41101646330097913,0.6141335119228686,,10
granger,memory_usage,1-Baseline,tenant-dsk,tenant-cpu,0.5980373627930099,0.6162009824013472,,10
granger,memory_usage,1-Baseline,tenant-dsk,tenant-mem,0.30734876128446065,0.5249818209871892,,10
granger,memory_usage,1-Baseline,tenant-dsk,tenant-ntk,0.4224596318727338,0.4938238787548741,,10
granger,memory_usage,1-Baseline,tenant-mem,tenant-cpu,0.3117905559534171,0.5969517705070173,,10
granger,memory_usage,1-Baseline,tenant-mem,tenant-dsk,0.41307513106436067,0.5209001597139,,10
granger,memory_usage,1-Baseline,tenant-mem,tenant-ntk,0.30901199438023497,0.6064801804323194,,10
granger,memory_usage,1-Baseline,tenant-ntk,tenant-cpu,0.16918791084600054,0.781307042551413,,10
granger,memory_usage,1-Baseline,tenant-ntk,tenant-dsk,0.2442935667351517,0.7082929972800069,,10
granger,memory_usage,1-Baseline,tenant-ntk,tenant-mem,0.6229840765059369,0.49264511646716647,,10
granger,memory_usage,2-CPU-Noise,tenant-cpu,tenant-dsk,0.4324356183142539,0.584899334352443,,10
granger,memory_usage,2-CPU-Noise,tenant-cpu,tenant-mem,0.39094530492844914,0.5904492015734498,,10
granger,memory_usage,2-CPU-Noise,tenant-cpu,tenant-nsy,0.5070492606423905,0.441115929905727,,10
granger,memory_usage,2-CPU-Noise,tenant-cpu,tenant-ntk,0.8107539849945959,0.4167773938336956,,10
granger,memory_usage,2-CPU-Noise,tenant-dsk,tenant-cpu,0.34128534601974614,0.6337699226804245,,10
granger,memory_usage,2-CPU-Noise,tenant-dsk,tenant-mem,0.3444735443728211,0.6845354626747134,,10
granger,memory_usage,2-CPU-Noise,tenant-dsk,tenant-nsy,0.24774395633060728,0.648442872071296,,10
granger,memory_usage,2-CPU-Noise,tenant-dsk,tenant-ntk,0.5042047824462432,0.4297105784542451,,10
granger,memory_usage,2-CPU-Noise,tenant-mem,tenant-cpu,0.18037987983938372,0.7223425416133866,,10
granger,memory_usage,2-CPU-Noise,tenant-mem,tenant-dsk,0.47418423107864793,0.5752467963400083,,10
granger,memory_usage,2-CPU-Noise,tenant-mem,tenant-nsy,0.31179129521607274,0.6424334885761868,,10
granger,memory_usage,2-CPU-Noise,tenant-mem,tenant-ntk,0.25091058815236694,0.610311813068645,,10
granger,memory_usage,2-CPU-Noise,tenant-nsy,tenant-cpu,0.695953006029306,0.5223428994718803,,10
granger,memory_usage,2-CPU-Noise,tenant-nsy,tenant-dsk,0.3375318644860873,0.6301748308102485,,10
granger,memory_usage,2-CPU-Noise,tenant-nsy,tenant-mem,0.3721644731155844,0.6248607918596459,,10
granger,memory_usage,2-CPU-Noise,tenant-nsy,tenant-ntk,0.4099977595670731,0.5266567824470284,,10
granger,memory_usage,2-CPU-Noise,tenant-ntk,tenant-cpu,0.6904128702699597,0.39413806265324813,,10
granger,memory_usage,2-CPU-Noise,tenant-ntk,tenant-dsk,0.7026946790706042,0.44161887891593876,,10
granger,memory_usage,2-CPU-Noise,tenant-ntk,tenant-mem,0.3187549188189839,0.5818947176429685,,10
granger,memory_usage,2-CPU-Noise,tenant-ntk,tenant-nsy,0.36445978583454935,0.5454478288911847,,10
granger,memory_usage,3-Memory-Noise,tenant-cpu,tenant-dsk,0.3329266967669946,0.6185952886591709,,10
granger,memory_usage,3-Memory-Noise,tenant-cpu,tenant-mem,0.6276702547900315,0.41177940547767056,,10
granger,memory_usage,3-Memory-Noise,tenant-cpu,tenant-nsy,0.5821964012039045,0.511123813458072,,10
granger,memory_usage,3-Memory-Noise,tenant-cpu,tenant-ntk,0.34848272529029484,0.5626116333030439,,10
granger,memory_usage,3-Memory-Noise,tenant-dsk,tenant-cpu,0.3556929364894942,0.5865420707286902,,10
granger,memory_usage,3-Memory-Noise,tenant-dsk,tenant-mem,0.41091454840205444,0.4959997152466348,,10
granger,memory_usage,3-Memory-Noise,tenant-dsk,tenant-nsy,0.4550343764474265,0.5100612928115946,,10
granger,memory_usage,3-Memory-Noise,tenant-dsk,tenant-ntk,0.7024901406928171,0.49166688917232,,10
granger,memory_usage,3-Memory-Noise,tenant-mem,tenant-cpu,0.4511843785680397,0.4945621750972532,,10
granger,memory_usage,3-Memory-Noise,tenant-mem,tenant-dsk,0.3321720322574616,0.6394282028380651,,10
granger,memory_usage,3-Memory-Noise,tenant-mem,tenant-nsy,0.2851349124468676,0.629425370063181,,10
granger,memory_usage,3-Memory-Noise,tenant-mem,tenant-ntk,0.7351452049179754,0.34980600847475735,,10
granger,memory_usage,3-Memory-Noise,tenant-nsy,tenant-cpu,0.7099854733911548,0.43631976508670745,,10
granger,memory_usage,3-Memory-Noise,tenant-nsy,tenant-dsk,0.2307611291718236,0.7650313440708252,,10
granger,memory_usage,3-Memory-Noise,tenant-nsy,tenant-mem,0.5608158876621215,0.39875261534116596,,10
granger,memory_usage,3-Memory-Noise,tenant-nsy,tenant-ntk,0.3989924324826936,0.5350188607808745,,10
granger,memory_usage,3-Memory-Noise,tenant-ntk,tenant-cpu,0.6001137768548672,0.5082549041834612,,10
granger,memory_usage,3-Memory-Noise,tenant-ntk,tenant-dsk,0.6591519703757054,0.3982313351295036,,10
granger,memory_usage,3-Memory-Noise,tenant-ntk,tenant-mem,0.6107714797024866,0.3165201908829231,,10
granger,memory_usage,3-Memory-Noise,tenant-ntk,tenant-nsy,0.8821565223621859,0.34739094246385704,,10
granger,memory_usage,4-Network-Noise,tenant-cpu,tenant-dsk,0.12391639701176047,0.7917375737024046,,10
granger,memory_usage,4-Network-Noise,tenant-cpu,tenant-mem,0.5040934231782971,0.45999303843499,,10
granger,memory_usage,4-Network-Noise,tenant-cpu,tenant-nsy,0.26448781423111695,0.6183747672869148,,10
granger,memory_usage,4-Network-Noise,tenant-cpu,tenant-ntk,0.49423291686757853,0.5929693631235861,,10
granger,memory_usage,4-Network-Noise,tenant-dsk,tenant-cpu,0.33408198249567544,0.645744719802717,,10
granger,memory_usage,4-Network-Noise,tenant-dsk,tenant-mem,0.31538119251506286,0.6482173612781544,,10
granger,memory_usage,4-Network-Noise,tenant-dsk,tenant-nsy,0.22040679412792857,0.6890504009754,,10
granger,memory_usage,4-Network-Noise,tenant-dsk,tenant-ntk,0.5906211939559182,0.4224688293672011,,10
granger,memory_usage,4-Network-Noise,tenant-mem,tenant-cpu,0.6009450791778697,0.5187508298853784,,10
granger,memory_usage,4-Network-Noise,tenant-mem,tenant-dsk,0.3896043548864604,0.5859995702268663,,10
granger,memory_usage,4-Network-Noise,tenant-mem,tenant-nsy,0.28895141227037713,0.6759072460530835,,10
granger,memory_usage,4-Network-Noise,tenant-mem,tenant-ntk,0.6702459549613731,0.4241503512908942,,10
granger,memory_usage,4-Network-Noise,tenant-nsy,tenant-cpu,0.36818550756791824,0.4996080054818264,,10
granger,memory_usage,4-Network-Noise,tenant-nsy,tenant-dsk,0.41044195117090254,0.4931062980780421,,10
granger,memory_usage,4-Network-Noise,tenant-nsy,tenant-mem,0.38789326588341055,0.49271730598123453,,10
granger,memory_usage,4-Network-Noise,tenant-nsy,tenant-ntk,0.3397804284892333,0.5906007551090786,,10
granger,memory_usage,4-Network-Noise,tenant-ntk,tenant-cpu,0.4399742533876793,0.48522594853267725,,10
granger,memory_usage,4-Network-Noise,tenant-ntk,tenant-dsk,0.2014369425768195,0.6708555338307375,,10
granger,memory_usage,4-Network-Noise,tenant-ntk,tenant-mem,0.4789303911827981,0.5397070292692272,,10
granger,memory_usage,4-Network-Noise,tenant-ntk,tenant-nsy,0.4527633716276749,0.41803462786971296,,10
granger,memory_usage,5-Disk-Noise,tenant-cpu,tenant-dsk,0.381534058290452,0.4610612529403699,,10
granger,memory_usage,5-Disk-Noise,tenant-cpu,tenant-mem,0.7808983375904928,0.3638089706790959,,10
granger,memory_usage,5-Disk-Noise,tenant-cpu,tenant-nsy,0.3003690279317663,0.6265238005525706,,10
granger,memory_usage,5-Disk-Noise,tenant-cpu,tenant-ntk,0.3207088267065714,0.584310372192921,,10
granger,memory_usage,5-Disk-Noise,tenant-dsk,tenant-cpu,0.36869554000205623,0.615252488860968,,10
granger,memory_usage,5-Disk-Noise,tenant-dsk,tenant-mem,0.8021734348259553,0.46359970748281965,,10
granger,memory_usage,5-Disk-Noise,tenant-dsk,tenant-nsy,0.6170207442028344,0.4678966324863844,,10
granger,memory_usage,5-Disk-Noise,tenant-dsk,tenant-ntk,0.4244969708780518,0.6106458434914617,,10
granger,memory_usage,5-Disk-Noise,tenant-mem,tenant-cpu,0.3876867783108738,0.5386011269569764,,10
granger,memory_usage,5-Disk-Noise,tenant-mem,tenant-dsk,0.6015845077739204,0.427578761879571,,10
granger,memory_usage,5-Disk-Noise,tenant-mem,tenant-nsy,0.7312795466389362,0.393966489206371,,10
granger,memory_usage,5-Disk-Noise,tenant-mem,tenant-ntk,0.5548695057358648,0.4596071097569938,,10
granger,memory_usage,5-Disk-Noise,tenant-nsy,tenant-cpu,0.4575371438596624,0.5127484300638376,,10
granger,memory_usage,5-Disk-Noise,tenant-nsy,tenant-dsk,0.523444094252919,0.3869753845432807,,10
granger,memory_usage,5-Disk-Noise,tenant-nsy,tenant-mem,0.6619962507715916,0.4128018459661448,,10
granger,memory_usage,5-Disk-Noise,tenant-nsy,tenant-ntk,0.6493078577984226,0.5074586676501563,,10
granger,memory_usage,5-Disk-Noise,tenant-ntk,tenant-cpu,0.48223063651676135,0.4653639412379236,,10
granger,memory_usage,5-Disk-Noise,tenant-ntk,tenant-dsk,0.24799904731782124,0.6175372034047919,,10
granger,memory_usage,5-Disk-Noise,tenant-ntk,tenant-mem,0.1922366558262549,0.7472381617696975,,10
granger,memory_usage,5-Disk-Noise,tenant-ntk,tenant-nsy,0.396374047959833,0.5025072067702492,,10
granger,memory_usage,6-Combined-Noise,tenant-cpu,tenant-dsk,0.6822337015659132,0.5086019374635959,,10
granger,memory_usage,6-Combined-Noise,tenant-cpu,tenant-mem,0.7256687728668999,0.3532184794954057,,10
granger,memory_usage,6-Combined-Noise,tenant-cpu,tenant-nsy,0.2177772448901667,0.6738540848696177,,10
granger,memory_usage,6-Combined-Noise,tenant-cpu,tenant-ntk,0.37321321101359517,0.5441697156071484,,10
granger,memory_usage,6-Combined-Noise,tenant-dsk,tenant-cpu,0.4692319189535904,0.4226346808356404,,10
granger,memory_usage,6-Combined-Noise,tenant-dsk,tenant-mem,0.499067581472049,0.4511258849273543,,10
granger,memory_usage,6-Combined-Noise,tenant-dsk,tenant-nsy,0.8134356855841289,0.41098737977716115,,10
granger,memory_usage,6-Combined-Noise,tenant-dsk,tenant-ntk,0.45669909616862264,0.5410250728448752,,10
granger,memory_usage,6-Combined-Noise,tenant-mem,tenant-cpu,0.3499195314455858,0.5558341768534305,,10
granger,memory_usage,6-Combined-Noise,tenant-mem,tenant-dsk,0.6382035247709782,0.5550438293279155,,10
granger,memory_usage,6-Combined-Noise,tenant-mem,tenant-nsy,0.8621225950127004,0.4422019715659662,,10
granger,memory_usage,6-Combined-Noise,tenant-mem,tenant-ntk,0.3526407595921889,0.5491696030464969,,10
granger,memory_usage,6-Combined-Noise,tenant-nsy,tenant-cpu,0.32028991540662644,0.5939483726134641,,10
granger,memory_usage,6-Combined-Noise,tenant-nsy,tenant-dsk,0.31140147017748127,0.6126996090279786,,10
granger,memory_usage,6-Combined-Noise,tenant-nsy,tenant-mem,0.9300005208016552,0.3887019067184909,,10
granger,memory_usage,6-Combined-Noise,tenant-nsy,tenant-ntk,0.4016493388907323,0.5949211943236936,,10
granger,memory_usage,6-Combined-Noise,tenant-ntk,tenant-cpu,0.4188581655062206,0.4705179947212092,,10
granger,memory_usage,6-Combined-Noise,tenant-ntk,tenant-dsk,0.5795477831208569,0.37863976314026837,,10
granger,memory_usage,6-Combined-Noise,tenant-ntk,tenant-mem,0.3416501631800545,0.5317482502758378,,10
granger,memory_usage,6-Combined-Noise,tenant-ntk,tenant-nsy,0.49340252873582174,0.5422124343191672,,10
granger,memory_usage,7-Recovery,tenant-cpu,tenant-dsk,0.5375280150586921,0.4921266402190964,,10
granger,memory_usage,7-Recovery,tenant-cpu,tenant-mem,0.6461799228644358,0.43567592353738716,,10
granger,memory_usage,7-Recovery,tenant-cpu,tenant-nsy,0.5539177901239668,0.4024499449557085,,10
granger,memory_usage,7-Recovery,tenant-cpu,tenant-ntk,0.3250257490559977,0.5201764566132066,,10
granger,memory_usage,7-Recovery,tenant-dsk,tenant-cpu,0.313272724124015,0.5911693912286087,,10
granger,memory_usage,7-Recovery,tenant-dsk,tenant-mem,0.26192057416705516,0.6064831694661368,,10
granger,memory_usage,7-Recovery,tenant-dsk,tenant-nsy,0.5311971360614025,0.6351949844364544,,10
granger,memory_usage,7-Recovery,tenant-dsk,tenant-ntk,0.4025384168129741,0.5091987765620852,,10
granger,memory_usage,7-Recovery,tenant-mem,tenant-cpu,0.44070169487465377,0.49928076434283863,,10
granger,memory_usage,7-Recovery,tenant-mem,tenant-dsk,0.21236246737371767,0.6706077284348273,,10
granger,memory_usage,7-Recovery,tenant-mem,tenant-nsy,0.9779691215629771,0.3613316524129021,,10
granger,memory_usage,7-Recovery,tenant-mem,tenant-ntk,0.47098805354191314,0.4823706201360257,,10
granger,memory_usage,7-Recovery,tenant-nsy,tenant-cpu,0.16756344857997035,0.8437366868902089,,10
granger,memory_usage,7-Recovery,tenant-nsy,tenant-dsk,0.45085756128164406,0.48435027806346403,,10
granger,memory_usage,7-Recovery,tenant-nsy,tenant-mem,0.45208125121029263,0.4826868989690021,,10
granger,memory_usage,7-Recovery,tenant-nsy,tenant-ntk,0.8266469695094247,0.3519312642175735,,10
granger,memory_usage,7-Recovery,tenant-ntk,tenant-cpu,0.3468474011158184,0.531336241054593,,10
granger,memory_usage,7-Recovery,tenant-ntk,tenant-dsk,0.671768317497581,0.35672302859835825,,10
granger,memory_usage,7-Recovery,tenant-ntk,tenant-mem,0.28858134827703535,0.667226563950754,,10
granger,memory_usage,7-Recovery,tenant-ntk,tenant-nsy,0.5481543432784395,0.666745292646883,,10
granger,network_throughput,1-Baseline,tenant-cpu,tenant-dsk,1.5246481928280504,0.2802238099344705,,8
granger,network_throughput,1-Baseline,tenant-cpu,tenant-mem,0.993496466666523,0.2551947315208277,,8
granger,network_throughput,1-Baseline,tenant-cpu,tenant-ntk,1.114413254153007,0.2496797977409101,,8
granger,network_throughput,1-Baseline,tenant-dsk,tenant-cpu,1.9072827140680604,0.07331781516098727,,8
granger,network_throughput,1-Baseline,tenant-dsk,tenant-mem,2.5423300945477907,0.07602606192469348,,8
granger,network_throughput,1-Baseline,tenant-dsk,tenant-ntk,0.6343842503540911,0.29950583721748414,,8
granger,network_throughput,1-Baseline,tenant-mem,tenant-cpu,2.0400851851571082,0.21224785175825217,,8
granger,network_throughput,1-Baseline,tenant-mem,tenant-dsk,2.2577076142737904,0.30783369037890645,,8
granger,network_throughput,1-Baseline,tenant-mem,tenant-ntk,1.277786570164262,0.19342017965390942,,8
granger,network_throughput,1-Baseline,tenant-ntk,tenant-cpu,1.9571965091103143,0.07251867718414559,,8
granger,network_throughput,1-Baseline,tenant-ntk,tenant-dsk,0.7361999602611614,0.3794500859368588,,8
granger,network_throughput,1-Baseline,tenant-ntk,tenant-mem,1.5963720382533877,0.1679066012272248,,8
granger,network_throughput,2-CPU-Noise,tenant-cpu,tenant-dsk,1.6799198166107183,0.18526918476846305,,8
granger,network_throughput,2-CPU-Noise,tenant-cpu,tenant-mem,1.437507091878205,0.2652984130832067,,8
granger,network_throughput,2-CPU-Noise,tenant-cpu,tenant-nsy,1.6267118629294854,0.16962331733625602,,8
granger,network_throughput,2-CPU-Noise,tenant-cpu,tenant-ntk,1.6769620501794393,0.131635090660195,,8
granger,network_throughput,2-CPU-Noise,tenant-dsk,tenant-cpu,1.9883610360898674,0.06172279224081008,,8
granger,network_throughput,2-CPU-Noise,tenant-dsk,tenant-mem,1.775252473317508,0.11682817908839266,,8
granger,network_throughput,2-CPU-Noise,tenant-dsk,tenant-nsy,1.5418329658425551,0.09486284809117701,,8
granger,network_throughput,2-CPU-Noise,tenant-dsk,tenant-ntk,1.6883417716983438,0.08689275753378249,,8
granger,network_throughput,2-CPU-Noise,tenant-mem,tenant-cpu,1.4693333200998986,0.15948112427348946,,8
granger,network_throughput,2-CPU-Noise,tenant-mem,tenant-dsk,1.802171332990317,0.09611879060931125,,8
granger,network_throughput,2-CPU-Noise,tenant-mem,tenant-nsy,1.1605910040759837,0.30013341592162307,,8
granger,network_throughput,2-CPU-Noise,tenant-mem,tenant-ntk,1.8350171057427214,0.056867864672559755,,8
granger,network_throughput,2-CPU-Noise,tenant-nsy,tenant-cpu,1.6612664812109725,0.2674073569432794,,8
granger,network_throughput,2-CPU-Noise,tenant-nsy,tenant-dsk,2.0206116316324243,0.10044982953658729,,8
granger,network_throughput,2-CPU-Noise,tenant-nsy,tenant-mem,1.120000335649986,0.28221001856549166,,8
granger,network_throughput,2-CPU-Noise,tenant-nsy,tenant-ntk,1.4163205069772236,0.12275031586642243,,8
granger,network_throughput,2-CPU-Noise,tenant-ntk,tenant-cpu,1.8055715844422253,0.07028811846300716,,8
granger,network_throughput,2-CPU-Noise,tenant-ntk,tenant-dsk,1.8131256110715537,0.12146511352367252,,8
granger,network_throughput,2-CPU-Noise,tenant-ntk,tenant-mem,1.2106270528285776,0.3152692237501147,,8
granger,network_throughput,2-CPU-Noise,tenant-ntk,tenant-nsy,1.4631282903092482,0.2130888491478394,,8
granger,network_throughput,3-Memory-Noise,tenant-cpu,tenant-dsk,1.4426947822693874,0.19074326628583713,,8
granger,network_throughput,3-Memory-Noise,tenant-cpu,tenant-mem,1.2890281880336871,0.3455440838764035,,8
granger,network_throughput,3-Memory-Noise,tenant-cpu,tenant-nsy,1.3853564540651124,0.17471159221073304,,8
granger,network_throughput,3-Memory-Noise,tenant-cpu,tenant-ntk,1.3277116715658455,0.20900236796812535,,8
granger,network_throughput,3-Memory-Noise,tenant-dsk,tenant-cpu,1.556765946360241,0.1610910094555059,,8
granger,network_throughput,3-Memory-Noise,tenant-dsk,tenant-mem,1.592061910774043,0.07378722702462821,,8
granger,network_throughput,3-Memory-Noise,tenant-dsk,tenant-nsy,1.6159270484605623,0.08835949397633709,,8
granger,network_throughput,3-Memory-Noise,tenant-dsk,tenant-ntk,2.1028055036611737,0.11120541822450118,,8
granger,network_throughput,3-Memory-Noise,tenant-mem,tenant-cpu,1.6140212077353304,0.3353639053666498,,8
granger,network_throughput,3-Memory-Noise,tenant-mem,tenant-dsk,1.9084249325437421,0.05920945795862876,,8
granger,network_throughput,3-Memory-Noise,tenant-mem,tenant-nsy,1.3623293611611846,0.1662117784416799,,8
granger,network_throughput,3-Memory-Noise,tenant-mem,tenant-ntk,1.4103936657812675,0.1335190405466799,,8
granger,network_throughput,3-Memory-Noise,tenant-nsy,tenant-cpu,0.9006435255117652,0.27558521848482265,,8
granger,network_throughput,3-Memory-Noise,tenant-nsy,tenant-dsk,1.1499609358397467,0.1599461610083364,,8
granger,network_throughput,3-Memory-Noise,tenant-nsy,tenant-mem,1.1505101248157954,0.18289062198579217,,8
granger,network_throughput,3-Memory-Noise,tenant-nsy,tenant-ntk,1.6507578512837184,0.04137938586675016,,8
granger,network_throughput,3-Memory-Noise,tenant-ntk,tenant-cpu,1.8910294983988158,0.0898549514005654,,8
granger,network_throughput,3-Memory-Noise,tenant-ntk,tenant-dsk,2.2023893477962253,0.045295132471478775,,8
granger,network_throughput,3-Memory-Noise,tenant-ntk,tenant-mem,1.9582710161188648,0.07728057406239339,,8
granger,network_throughput,3-Memory-Noise,tenant-ntk,tenant-nsy,2.1179675814469565,0.0118598139796884,,8
granger,network_throughput,4-Network-Noise,tenant-cpu,tenant-dsk,1.4197484633783353,0.17816448921934144,,8
granger,network_throughput,4-Network-Noise,tenant-cpu,tenant-mem,1.1701567870542888,0.32256817668572996,,8
granger,network_throughput,4-Network-Noise,tenant-cpu,tenant-nsy,2.188944431996389,0.042488738947869406,,8
granger,network_throughput,4-Network-Noise,tenant-cpu,tenant-ntk,1.509451754834927,0.15297160489464484,,8
granger,network_throughput,4-Network-Noise,tenant-dsk,tenant-cpu,1.2487920798285965,0.1711411904100846,,8
granger,network_throughput,4-Network-Noise,tenant-dsk,tenant-mem,2.2681286474910545,0.07151269108480877,,8
granger,network_throughput,4-Network-Noise,tenant-dsk,tenant-nsy,2.513571048392231,0.06037744553905273,,8
granger,network_throughput,4-Network-Noise,tenant-dsk,tenant-ntk,1.7466718593138406,0.07463511944231942,,8
granger,network_throughput,4-Network-Noise,tenant-mem,tenant-cpu,1.3324142286397112,0.12965139293907277,,8
granger,network_throughput,4-Network-Noise,tenant-mem,tenant-dsk,1.974657110801635,0.04180717119045006,,8
granger,network_throughput,4-Network-Noise,tenant-mem,tenant-nsy,1.545236131031261,0.11742544129013269,,8
granger,network_throughput,4-Network-Noise,tenant-mem,tenant-ntk,1.0119464469421355,0.25834115411616715,,8
granger,network_throughput,4-Network-Noise,tenant-nsy,tenant-cpu,2.3950178693072868,0.08243050437808537,,8
granger,network_throughput,4-Network-Noise,tenant-nsy,tenant-dsk,2.6125193748731412,0.06894916248902563,,8
granger,network_throughput,4-Network-Noise,tenant-nsy,tenant-mem,2.0891901274930302,0.056251393899531224,,8
granger,network_throughput,4-Network-Noise,tenant-nsy,tenant-ntk,2.7182352255805338,0.05204441736134318,,8
granger,network_throughput,4-Network-Noise,tenant-ntk,tenant-cpu,2.0987390777896473,0.07771602746949599,,8
granger,network_throughput,4-Network-Noise,tenant-ntk,tenant-dsk,2.2301887671697784,0.034593051330032425,,8
granger,network_throughput,4-Network-Noise,tenant-ntk,tenant-mem,2.4416533170271957,0.025051048697623816,,8
granger,network_throughput,4-Network-Noise,tenant-ntk,tenant-nsy,3.644664094546709,0.002550187017521017,,8
granger,network_throughput,5-Disk-Noise,tenant-cpu,tenant-dsk,2.158845994722761,0.03328207051848553,,8
granger,network_throughput,5-Disk-Noise,tenant-cpu,tenant-mem,1.210633077502235,0.19238382001572557,,8
granger,network_throughput,5-Disk-Noise,tenant-cpu,tenant-nsy,0.8733876627280919,0.371306457471825,,8
granger,network_throughput,5-Disk-Noise,tenant-cpu,tenant-ntk,1.2526067220570665,0.11757189586877644,,8
granger,network_throughput,5-Disk-Noise,tenant-dsk,tenant-cpu,1.3195648801287163,0.13559404878164077,,8
granger,network_throughput,5-Disk-Noise,tenant-dsk,tenant-mem,1.041356409145299,0.18507757195472888,,8
granger,network_throughput,5-Disk-Noise,tenant-dsk,tenant-nsy,1.0056468095481834,0.4187193511085402,,8
granger,network_throughput,5-Disk-Noise,tenant-dsk,tenant-ntk,2.56226918604465,0.035540196115813764,,8
granger,network_throughput,5-Disk-Noise,tenant-mem,tenant-cpu,1.0137305728662553,0.18206485110515755,,8
granger,network_throughput,5-Disk-Noise,tenant-mem,tenant-dsk,1.888642971628463,0.15070079561770827,,8
granger,network_throughput,5-Disk-Noise,tenant-mem,tenant-nsy,1.5395603439439023,0.16370002959982866,,8
granger,network_throughput,5-Disk-Noise,tenant-mem,tenant-ntk,2.398273593366175,0.13342990082263914,,8
granger,network_throughput,5-Disk-Noise,tenant-nsy,tenant-cpu,0.7673370332716667,0.42663043631230935,,8
granger,network_throughput,5-Disk-Noise,tenant-nsy,tenant-dsk,0.8077249060348181,0.3057374755768881,,8
granger,network_throughput,5-Disk-Noise,tenant-nsy,tenant-mem,0.6829586175467787,0.39056763249703813,,8
granger,network_throughput,5-Disk-Noise,tenant-nsy,tenant-ntk,1.347351271192095,0.24680978761348263,,8
granger,network_throughput,5-Disk-Noise,tenant-ntk,tenant-cpu,2.3953248540510903,0.052419217835626336,,8
granger,network_throughput,5-Disk-Noise,tenant-ntk,tenant-dsk,3.3212102068437863,0.0798584189398273,,8
granger,network_throughput,5-Disk-Noise,tenant-ntk,tenant-mem,1.5316115815416058,0.11592005020345131,,8
granger,network_throughput,5-Disk-Noise,tenant-ntk,tenant-nsy,1.011501389448149,0.24472049351558925,,8
granger,network_throughput,6-Combined-Noise,tenant-cpu,tenant-dsk,1.5827766605887492,0.20635783414424005,,8
granger,network_throughput,6-Combined-Noise,tenant-cpu,tenant-mem,1.267110678376862,0.20940864165858852,,8
granger,network_throughput,6-Combined-Noise,tenant-cpu,tenant-nsy,2.4375192015060594,0.10688005883444097,,8
granger,network_throughput,6-Combined-Noise,tenant-cpu,tenant-ntk,1.207685492551599,0.25402259353241036,,8
granger,network_throughput,6-Combined-Noise,tenant-dsk,tenant-cpu,0.9400498909774326,0.24961401043993778,,8
granger,network_throughput,6-Combined-Noise,tenant-dsk,tenant-mem,1.4491562621999519,0.22300400456810782,,8
granger,network_throughput,6-Combined-Noise,tenant-dsk,tenant-nsy,2.555275720904767,0.18751066963158053,,8
granger,network_throughput,6-Combined-Noise,tenant-dsk,tenant-ntk,1.683134664202736,0.08146702885829599,,8
granger,network_throughput,6-Combined-Noise,tenant-mem,tenant-cpu,0.9623250577537004,0.21467760532535068,,8
granger,network_throughput,6-Combined-Noise,tenant-mem,tenant-dsk,0.8121104090078896,0.30099891641279175,,8
granger,network_throughput,6-Combined-Noise,tenant-mem,tenant-nsy,1.9442611004725305,0.31411935564511606,,8
granger,network_throughput,6-Combined-Noise,tenant-mem,tenant-ntk,1.5320996169764731,0.3112669103365585,,8
granger,network_throughput,6-Combined-Noise,tenant-nsy,tenant-cpu,1.9327861209037465,0.14013996822138391,,8
granger,network_throughput,6-Combined-Noise,tenant-nsy,tenant-dsk,2.0788137628247756,0.11269831244697669,,8
granger,network_throughput,6-Combined-Noise,tenant-nsy,tenant-mem,1.3781225491974418,0.16572578010111014,,8
granger,network_throughput,6-Combined-Noise,tenant-nsy,tenant-ntk,2.305292948690863,0.06949077676347577,,8
granger,network_throughput,6-Combined-Noise,tenant-ntk,tenant-cpu,1.6199278113198134,0.16205106347325654,,8
granger,network_throughput,6-Combined-Noise,tenant-ntk,tenant-dsk,2.1139617076495676,0.1287243486665836,,8
granger,network_throughput,6-Combined-Noise,tenant-ntk,tenant-mem,2.272408001625363,0.22154339030472067,,8
granger,network_throughput,6-Combined-Noise,tenant-ntk,tenant-nsy,2.0619880420414507,0.22824077883836463,,8
granger,network_throughput,7-Recovery,tenant-cpu,tenant-dsk,0.6602189091953946,0.3970927296466791,,8
granger,network_throughput,7-Recovery,tenant-cpu,tenant-mem,2.083571616541443,0.2198994617353295,,8
granger,network_throughput,7-Recovery,tenant-cpu,tenant-nsy,0.3109897905760969,0.5898166801725522,,8
granger,network_throughput,7-Recovery,tenant-cpu,tenant-ntk,1.0260339352997463,0.2908998381325131,,8
granger,network_throughput,7-Recovery,tenant-dsk,tenant-cpu,1.5343819725430443,0.11476688765389689,,8
granger,network_throughput,7-Recovery,tenant-dsk,tenant-mem,1.024630688401365,0.1646202421785865,,8
granger,network_throughput,7-Recovery,tenant-dsk,tenant-nsy,0.39016113646051204,0.5633662697117114,,8
granger,network_throughput,7-Recovery,tenant-dsk,tenant-ntk,1.1214111607295685,0.2407150273558228,,8
granger,network_throughput,7-Recovery,tenant-mem,tenant-cpu,1.2201066780838297,0.33645893300235774,,8
granger,network_throughput,7-Recovery,tenant-mem,tenant-dsk,1.4955205007533068,0.13577905136712298,,8
granger,network_throughput,7-Recovery,tenant-mem,tenant-nsy,0.28866209306181534,0.5791073175750773,,8
granger,network_throughput,7-Recovery,tenant-mem,tenant-ntk,1.322721107273043,0.3111456362746075,,8
granger,network_throughput,7-Recovery,tenant-nsy,tenant-cpu,1.151256879738091,0.3556557558640371,,8
granger,network_throughput,7-Recovery,tenant-nsy,tenant-dsk,0.2141227323434945,0.6854507804155072,,8
granger,network_throughput,7-Recovery,tenant-nsy,tenant-mem,0.4059101939673393,0.4630143926665312,,8
granger,network_throughput,7-Recovery,tenant-nsy,tenant-ntk,0.6838589402678273,0.31979317536042434,,8
granger,network_throughput,7-Recovery,tenant-ntk,tenant-cpu,1.636271760349819,0.15317337256305089,,8
granger,network_throughput,7-Recovery,tenant-ntk,tenant-dsk,1.7584027387702832,0.09057041017682078,,8
granger,network_throughput,7-Recovery,tenant-ntk,tenant-mem,1.4649466805270128,0.20565155272392635,,8
granger,network_throughput,7-Recovery,tenant-ntk,tenant-nsy,0.7130729944983606,0.5183778098533889,,8
te,cpu_usage,1-Baseline,tenant-cpu,tenant-dsk,,,0.18595025335169219,10
te,cpu_usage,1-Baseline,tenant-cpu,tenant-mem,,,0.297457321789833,10
te,cpu_usage,1-Baseline,tenant-cpu,tenant-ntk,,,0.18384235421947923,10
te,cpu_usage,1-Baseline,tenant-dsk,tenant-cpu,,,0.23614426496171975,10
te,cpu_usage,1-Baseline,tenant-dsk,tenant-mem,,,0.24319455208666793,10
te,cpu_usage,1-Baseline,tenant-dsk,tenant-ntk,,,0.14540830146020217,10
te,cpu_usage,1-Baseline,tenant-mem,tenant-cpu,,,0.28987330535512185,10
te,cpu_usage,1-Baseline,tenant-mem,tenant-dsk,,,0.1777717631694576,10
te,cpu_usage,1-Baseline,tenant-mem,tenant-ntk,,,0.1915848997466432,10
te,cpu_usage,1-Baseline,tenant-ntk,tenant-cpu,,,0.24934468265299628,10
te,cpu_usage,1-Baseline,tenant-ntk,tenant-dsk,,,0.14159213946116175,10
te,cpu_usage,1-Baseline,tenant-ntk,tenant-mem,,,0.2522628525905787,10
te,cpu_usage,2-CPU-Noise,tenant-cpu,tenant-dsk,,,0.2657258000020654,10
te,cpu_usage,2-CPU-Noise,tenant-cpu,tenant-mem,,,0.1158271615412706,10
te,cpu_usage,2-CPU-Noise,tenant-cpu,tenant-nsy,,,0.07960099379583098,10
te,cpu_usage,2-CPU-Noise,tenant-cpu,tenant-ntk,,,0.2513490582570335,10
te,cpu_usage,2-CPU-Noise,tenant-dsk,tenant-cpu,,,0.1653434610602252,10
te,cpu_usage,2-CPU-Noise,tenant-dsk,tenant-mem,,,0.16118229300039863,10
te,cpu_usage,2-CPU-Noise,tenant-dsk,tenant-nsy,,,0.10468261089208201,10
te,cpu_usage,2-CPU-Noise,tenant-dsk,tenant-ntk,,,0.3079169814097028,10
te,cpu_usage,2-CPU-Noise,tenant-mem,tenant-cpu,,,0.1222446531641996,10
te,cpu_usage,2-CPU-Noise,tenant-mem,tenant-dsk,,,0.2526662889144797,10
te,cpu_usage,2-CPU-Noise,tenant-mem,tenant-nsy,,,0.0741811295727324,10
te,cpu_usage,2-CPU-Noise,tenant-mem,tenant-ntk,,,0.26764433964933276,10
te,cpu_usage,2-CPU-Noise,tenant-nsy,tenant-cpu,,,0.10352913881471529,10
te,cpu_usage,2-CPU-Noise,tenant-nsy,tenant-dsk,,,0.20885412168295175,10
te,cpu_usage,2-CPU-Noise,tenant-nsy,tenant-mem,,,0.10657848221828004,10
te,cpu_usage,2-CPU-Noise,tenant-nsy,tenant-ntk,,,0.2204112724359602,10
te,cpu_usage,2-CPU-Noise,tenant-ntk,tenant-cpu,,,0.19807874249488486,10
te,cpu_usage,2-CPU-Noise,tenant-ntk,tenant-dsk,,,0.3318212753049875,10
te,cpu_usage,2-CPU-Noise,tenant-ntk,tenant-mem,,,0.1709657482916062,10
te,cpu_usage,2-CPU-Noise,tenant-ntk,tenant-nsy,,,0.12971999687027316,10
te,cpu_usage,3-Memory-Noise,tenant-cpu,tenant-dsk,,,0.31549083170651454,10
te,cpu_usage,3-Memory-Noise,tenant-cpu,tenant-mem,,,0.22438678429397613,10
te,cpu_usage,3-Memory-Noise,tenant-cpu,tenant-nsy,,,0.10575175535352155,10
te,cpu_usage,3-Memory-Noise,tenant-cpu,tenant-ntk,,,0.30483016267664276,10
te,cpu_usage,3-Memory-Noise,tenant-dsk,tenant-cpu,,,0.2552639712438724,10
te,cpu_usage,3-Memory-Noise,tenant-dsk,tenant-mem,,,0.26258655325531405,10
te,cpu_usage,3-Memory-Noise,tenant-dsk,tenant-nsy,,,0.10162308223231917,10
te,cpu_usage,3-Memory-Noise,tenant-dsk,tenant-ntk,,,0.3549658974066855,10
te,cpu_usage,3-Memory-Noise,tenant-mem,tenant-cpu,,,0.21102403158505548,10
te,cpu_usage,3-Memory-Noise,tenant-mem,tenant-dsk,,,0.3051533068079311,10
te,cpu_usage,3-Memory-Noise,tenant-mem,tenant-nsy,,,0.10191314495163824,10
te,cpu_usage,3-Memory-Noise,tenant-mem,tenant-ntk,,,0.30765716044364944,10
te,cpu_usage,3-Memory-Noise,tenant-nsy,tenant-cpu,,,0.16619965871394976,10
te,cpu_usage,3-Memory-Noise,tenant-nsy,tenant-dsk,,,0.20474662108352795,10
te,cpu_usage,3-Memory-Noise,tenant-nsy,tenant-mem,,,0.16108697935998983,10
te,cpu_usage,3-Memory-Noise,tenant-nsy,tenant-ntk,,,0.2201501269591267,10
te,cpu_usage,3-Memory-Noise,tenant-ntk,tenant-cpu,,,0.2904923328376254,10
te,cpu_usage,3-Memory-Noise,tenant-ntk,tenant-dsk,,,0.35251539314797764,10
te,cpu_usage,3-Memory-Noise,tenant-ntk,tenant-mem,,,0.27504969186810124,10
te,cpu_usage,3-Memory-Noise,tenant-ntk,tenant-nsy,,,0.13475000988315386,10
te,cpu_usage,4-Network-Noise,tenant-cpu,tenant-dsk,,,0.2872754565256196,10
te,cpu_usage,4-Network-Noise,tenant-cpu,tenant-mem,,,0.10162688138171008,10
te,cpu_usage,4-Network-Noise,tenant-cpu,tenant-nsy,,,0.09184032407614798,10
te,cpu_usage,4-Network-Noise,tenant-cpu,tenant-ntk,,,0.2762247684840951,10
te,cpu_usage,4-Network-Noise,tenant-dsk,tenant-cpu,,,0.15897085209558326,10
te,cpu_usage,4-Network-Noise,tenant-dsk,tenant-mem,,,0.17640051543222562,10
te,cpu_usage,4-Network-Noise,tenant-dsk,tenant-nsy,,,0.09052674012523239,10
te,cpu_usage,4-Network-Noise,tenant-dsk,tenant-ntk,,,0.36599483716666564,10
te,cpu_usage,4-Network-Noise,tenant-mem,tenant-cpu,,,0.10805587171301274,10
te,cpu_usage,4-Network-Noise,tenant-mem,tenant-dsk,,,0.2714187329347124,10
te,cpu_usage,4-Network-Noise,tenant-mem,tenant-nsy,,,0.08474157747118621,10
te,cpu_usage,4-Network-Noise,tenant-mem,tenant-ntk,,,0.28733442896991257,10
te,cpu_usage,4-Network-Noise,tenant-nsy,tenant-cpu,,,0.12647656633524285,10
te,cpu_usage,4-Network-Noise,tenant-nsy,tenant-dsk,,,0.22189898520818038,10
te,cpu_usage,4-Network-Noise,tenant-nsy,tenant-mem,,,0.1318648730823614,10
te,cpu_usage,4-Network-Noise,tenant-nsy,tenant-ntk,,,0.23254114021814196,10
te,cpu_usage,4-Network-Noise,tenant-ntk,tenant-cpu,,,0.19615535209627033,10
te,cpu_usage,4-Network-Noise,tenant-ntk,tenant-dsk,,,0.3970434439155858,10
te,cpu_usage,4-Network-Noise,tenant-ntk,tenant-mem,,,0.19730706250157132,10
te,cpu_usage,4-Network-Noise,tenant-ntk,tenant-nsy,,,0.10644973607410875,10
te,cpu_usage,5-Disk-Noise,tenant-cpu,tenant-dsk,,,0.366259233835418,10
te,cpu_usage,5-Disk-Noise,tenant-cpu,tenant-mem,,,0.36894554474829694,10
te,cpu_usage,5-Disk-Noise,tenant-cpu,tenant-nsy,,,0.3579402583395427,10
te,cpu_usage,5-Disk-Noise,tenant-cpu,tenant-ntk,,,0.40185483343322687,10
te,cpu_usage,5-Disk-Noise,tenant-dsk,tenant-cpu,,,0.3776012456915644,10
te,cpu_usage,5-Disk-Noise,tenant-dsk,tenant-mem,,,0.3752586692432913,10
te,cpu_usage,5-Disk-Noise,tenant-dsk,tenant-nsy,,,0.3222665498875621,10
te,cpu_usage,5-Disk-Noise,tenant-dsk,tenant-ntk,,,0.3678547840708574,10
te,cpu_usage,5-Disk-Noise,tenant-mem,tenant-cpu,,,0.38593232397601734,10
te,cpu_usage,5-Disk-Noise,tenant-mem,tenant-dsk,,,0.3503922137083436,10
te,cpu_usage,5-Disk-Noise,tenant-mem,tenant-nsy,,,0.3844089673017864,10
te,cpu_usage,5-Disk-Noise,tenant-mem,tenant-ntk,,,0.40441195771123767,10
te,cpu_usage,5-Disk-Noise,tenant-nsy,tenant-cpu,,,0.39131030778790543,10
te,cpu_usage,5-Disk-Noise,tenant-nsy,tenant-dsk,,,0.3338494059820771,10
te,cpu_usage,5-Disk-Noise,tenant-nsy,tenant-mem,,,0.36903534513979624,10
te,cpu_usage,5-Disk-Noise,tenant-nsy,tenant-ntk,,,0.3556193817222284,10
te,cpu_usage,5-Disk-Noise,tenant-ntk,tenant-cpu,,,0.42557655513654585,10
te,cpu_usage,5-Disk-Noise,tenant-ntk,tenant-dsk,,,0.3675956092803177,10
te,cpu_usage,5-Disk-Noise,tenant-ntk,tenant-mem,,,0.390598974325158,10
te,cpu_usage,5-Disk-Noise,tenant-ntk,tenant-nsy,,,0.3679024900052907,10
te,cpu_usage,6-Combined-Noise,tenant-cpu,tenant-dsk,,,0.3326497480402647,10
te,cpu_usage,6-Combined-Noise,tenant-cpu,tenant-mem,,,0.21832647956782325,10
te,cpu_usage,6-Combined-Noise,tenant-cpu,tenant-nsy,,,0.34035630252190596,10
te,cpu_usage,6-Combined-Noise,tenant-cpu,tenant-ntk,,,0.34992845740799405,10
te,cpu_usage,6-Combined-Noise,tenant-dsk,tenant-cpu,,,0.26944989868306213,10
te,cpu_usage,6-Combined-Noise,tenant-dsk,tenant-mem,,,0.2552278919446736,10
te,cpu_usage,6-Combined-Noise,tenant-dsk,tenant-nsy,,,0.37483011704419067,10
te,cpu_usage,6-Combined-Noise,tenant-dsk,tenant-ntk,,,0.4154942159920412,10
te,cpu_usage,6-Combined-Noise,tenant-mem,tenant-cpu,,,0.20931986147901532,10
te,cpu_usage,6-Combined-Noise,tenant-mem,tenant-dsk,,,0.3387155583558265,10
te,cpu_usage,6-Combined-Noise,tenant-mem,tenant-nsy,,,0.29616135155627826,10
te,cpu_usage,6-Combined-Noise,tenant-mem,tenant-ntk,,,0.3785952033617731,10
te,cpu_usage,6-Combined-Noise,tenant-nsy,tenant-cpu,,,0.28367868637384713,10
te,cpu_usage,6-Combined-Noise,tenant-nsy,tenant-dsk,,,0.408427009790379,10
te,cpu_usage,6-Combined-Noise,tenant-nsy,tenant-mem,,,0.27696066919302553,10
te,cpu_usage,6-Combined-Noise,tenant-nsy,tenant-ntk,,,0.42685443023697367,10
te,cpu_usage,6-Combined-Noise,tenant-ntk,tenant-cpu,,,0.2716071615902401,10
te,cpu_usage,6-Combined-Noise,tenant-ntk,tenant-dsk,,,0.3813636706938087,10
te,cpu_usage,6-Combined-Noise,tenant-ntk,tenant-mem,,,0.2812690289108042,10
te,cpu_usage,6-Combined-Noise,tenant-ntk,tenant-nsy,,,0.3904884298164162,10
te,cpu_usage,7-Recovery,tenant-cpu,tenant-dsk,,,0.29160314256310044,10
te,cpu_usage,7-Recovery,tenant-cpu,tenant-mem,,,0.15222728620321127,10
te,cpu_usage,7-Recovery,tenant-cpu,tenant-nsy,,,0.00727253125847694,10
te,cpu_usage,7-Recovery,tenant-cpu,tenant-ntk,,,0.3203494928397336,10
te,cpu_usage,7-Recovery,tenant-dsk,tenant-cpu,,,0.20313458869706102,10
te,cpu_usage,7-Recovery,tenant-dsk,tenant-mem,,,0.18664872290883044,10
te,cpu_usage,7-Recovery,tenant-dsk,tenant-nsy,,,0.01881649056917565,10
te,cpu_usage,7-Recovery,tenant-dsk,tenant-ntk,,,0.3740509357794006,10
te,cpu_usage,7-Recovery,tenant-mem,tenant-cpu,,,0.16156597284769658,10
te,cpu_usage,7-Recovery,tenant-mem,tenant-dsk,,,0.28708010916717686,10
te,cpu_usage,7-Recovery,tenant-mem,tenant-nsy,,,0.01027369668675393,10
te,cpu_usage,7-Recovery,tenant-mem,tenant-ntk,,,0.3060355006157643,10
te,cpu_usage,7-Recovery,tenant-nsy,tenant-cpu,,,0.03622807687439407,10
te,cpu_usage,7-Recovery,tenant-nsy,tenant-dsk,,,0.07327932373565148,10
te,cpu_usage,7-Recovery,tenant-nsy,tenant-mem,,,0.03389669443783044,10
te,cpu_usage,7-Recovery,tenant-nsy,tenant-ntk,,,0.07525246730624931,10
te,cpu_usage,7-Recovery,tenant-ntk,tenant-cpu,,,0.24301215145327043,10
te,cpu_usage,7-Recovery,tenant-ntk,tenant-dsk,,,0.3550685016961313,10
te,cpu_usage,7-Recovery,tenant-ntk,tenant-mem,,,0.23465287739334859,10
te,cpu_usage,7-Recovery,tenant-ntk,tenant-nsy,,,0.01946694899245461,10
te,disk_io_total,1-Baseline,tenant-cpu,tenant-dsk,,,0.01658303032205628,10
te,disk_io_total,1-Baseline,tenant-cpu,tenant-mem,,,0.1975741359243785,10
te,disk_io_total,1-Baseline,tenant-cpu,tenant-ntk,,,0.21881444351683615,10
te,disk_io_total,1-Baseline,tenant-dsk,tenant-cpu,,,0.04338891453692065,10
te,disk_io_total,1-Baseline,tenant-dsk,tenant-mem,,,0.04051313688345452,10
te,disk_io_total,1-Baseline,tenant-dsk,tenant-ntk,,,0.05284345776250406,10
te,disk_io_total,1-Baseline,tenant-mem,tenant-cpu,,,0.18155636016261772,10
te,disk_io_total,1-Baseline,tenant-mem,tenant-dsk,,,0.01342689700315347,10
te,disk_io_total,1-Baseline,tenant-mem,tenant-ntk,,,0.21555083671843217,10
te,disk_io_total,1-Baseline,tenant-ntk,tenant-cpu,,,0.18052055016522728,10
te,disk_io_total,1-Baseline,tenant-ntk,tenant-dsk,,,0.01316558129427818,10
te,disk_io_total,1-Baseline,tenant-ntk,tenant-mem,,,0.2056113107046167,10
te,disk_io_total,2-CPU-Noise,tenant-cpu,tenant-dsk,,,0.2548904382031178,10
te,disk_io_total,2-CPU-Noise,tenant-cpu,tenant-mem,,,0.25551499499469826,10
te,disk_io_total,2-CPU-Noise,tenant-cpu,tenant-nsy,,,0.2004436735759892,10
te,disk_io_total,2-CPU-Noise,tenant-cpu,tenant-ntk,,,0.28285699246926194,10
te,disk_io_total,2-CPU-Noise,tenant-dsk,tenant-cpu,,,0.29259914153836836,10
te,disk_io_total,2-CPU-Noise,tenant-dsk,tenant-mem,,,0.2640994323199294,10
te,disk_io_total,2-CPU-Noise,tenant-dsk,tenant-nsy,,,0.16564795014950814,10
te,disk_io_total,2-CPU-Noise,tenant-dsk,tenant-ntk,,,0.25822865459614497,10
te,disk_io_total,2-CPU-Noise,tenant-mem,tenant-cpu,,,0.2658363556288162,10
te,disk_io_total,2-CPU-Noise,tenant-mem,tenant-dsk,,,0.25728423254195293,10
te,disk_io_total,2-CPU-Noise,tenant-mem,tenant-nsy,,,0.17167664314037115,10
te,disk_io_total,2-CPU-Noise,tenant-mem,tenant-ntk,,,0.26410249489460347,10
te,disk_io_total,2-CPU-Noise,tenant-nsy,tenant-cpu,,,0.2469711464857721,10
te,disk_io_total,2-CPU-Noise,tenant-nsy,tenant-dsk,,,0.21085010533898235,10
te,disk_io_total,2-CPU-Noise,tenant-nsy,tenant-mem,,,0.21736191588602805,10
te,disk_io_total,2-CPU-Noise,tenant-nsy,tenant-ntk,,,0.21181730794638232,10
te,disk_io_total,2-CPU-Noise,tenant-ntk,tenant-cpu,,,0.2887600479799214,10
te,disk_io_total,2-CPU-Noise,tenant-ntk,tenant-dsk,,,0.24252347370004862,10
te,disk_io_total,2-CPU-Noise,tenant-ntk,tenant-mem,,,0.2514762097284988,10
te,disk_io_total,2-CPU-Noise,tenant-ntk,tenant-nsy,,,0.17043527454298754,10
te,disk_io_total,3-Memory-Noise,tenant-cpu,tenant-dsk,,,0.2866054145338652,10
te,disk_io_total,3-Memory-Noise,tenant-cpu,tenant-mem,,,0.285078833241312,10
te,disk_io_total,3-Memory-Noise,tenant-cpu,tenant-nsy,,,0.23361704551272205,10
te,disk_io_total,3-Memory-Noise,tenant-cpu,tenant-ntk,,,0.2594370154760427,10
te,disk_io_total,3-Memory-Noise,tenant-dsk,tenant-cpu,,,0.30978159396422733,10
te,disk_io_total,3-Memory-Noise,tenant-dsk,tenant-mem,,,0.2995028160984701,10
te,disk_io_total,3-Memory-Noise,tenant-dsk,tenant-nsy,,,0.23756269483060524,10
te,disk_io_total,3-Memory-Noise,tenant-dsk,tenant-ntk,,,0.2657998232213127,10
te,disk_io_total,3-Memory-Noise,tenant-mem,tenant-cpu,,,0.2903226811333796,10
te,disk_io_total,3-Memory-Noise,tenant-mem,tenant-dsk,,,0.2898086207361994,10
te,disk_io_total,3-Memory-Noise,tenant-mem,tenant-nsy,,,0.23506857042914325,10
te,disk_io_total,3-Memory-Noise,tenant-mem,tenant-ntk,,,0.2533750933476022,10
te,disk_io_total,3-Memory-Noise,tenant-nsy,tenant-cpu,,,0.2643144299096705,10
te,disk_io_total,3-Memory-Noise,tenant-nsy,tenant-dsk,,,0.25464043112324786,10
te,disk_io_total,3-Memory-Noise,tenant-nsy,tenant-mem,,,0.25093121310794925,10
te,disk_io_total,3-Memory-Noise,tenant-nsy,tenant-ntk,,,0.22878098320911713,10
te,disk_io_total,3-Memory-Noise,tenant-ntk,tenant-cpu,,,0.2833125905467672,10
te,disk_io_total,3-Memory-Noise,tenant-ntk,tenant-dsk,,,0.2794922854359394,10
te,disk_io_total,3-Memory-Noise,tenant-ntk,tenant-mem,,,0.2677453180640746,10
te,disk_io_total,3-Memory-Noise,tenant-ntk,tenant-nsy,,,0.2193979362734842,10
te,disk_io_total,4-Network-Noise,tenant-cpu,tenant-dsk,,,0.28823380160777035,10
te,disk_io_total,4-Network-Noise,tenant-cpu,tenant-mem,,,0.3356191343228504,10
te,disk_io_total,4-Network-Noise,tenant-cpu,tenant-nsy,,,0.32215507386482817,10
te,disk_io_total,4-Network-Noise,tenant-cpu,tenant-ntk,,,0.3156221037604109,10
te,disk_io_total,4-Network-Noise,tenant-dsk,tenant-cpu,,,0.30337545536004284,10
te,disk_io_total,4-Network-Noise,tenant-dsk,tenant-mem,,,0.3300874751459905,10
te,disk_io_total,4-Network-Noise,tenant-dsk,tenant-nsy,,,0.2925513752092372,10
te,disk_io_total,4-Network-Noise,tenant-dsk,tenant-ntk,,,0.31482006697578047,10
te,disk_io_total,4-Network-Noise,tenant-mem,tenant-cpu,,,0.3244977831711345,10
te,disk_io_total,4-Network-Noise,tenant-mem,tenant-dsk,,,0.2906291921468823,10
te,disk_io_total,4-Network-Noise,tenant-mem,tenant-nsy,,,0.31376987428548686,10
te,disk_io_total,4-Network-Noise,tenant-mem,tenant-ntk,,,0.30842644355959997,10
te,disk_io_total,4-Network-Noise,tenant-nsy,tenant-cpu,,,0.3151893839278835,10
te,disk_io_total,4-Network-Noise,tenant-nsy,tenant-dsk,,,0.290076202552512,10
te,disk_io_total,4-Network-Noise,tenant-nsy,tenant-mem,,,0.3123770823134445,10
te,disk_io_total,4-Network-Noise,tenant-nsy,tenant-ntk,,,0.3079037712611622,10
te,disk_io_total,4-Network-Noise,tenant-ntk,tenant-cpu,,,0.3134709141208152,10
te,disk_io_total,4-Network-Noise,tenant-ntk,tenant-dsk,,,0.30081568619930843,10
te,disk_io_total,4-Network-Noise,tenant-ntk,tenant-mem,,,0.3325408857896791,10
te,disk_io_total,4-Network-Noise,tenant-ntk,tenant-nsy,,,0.28861604790012246,10
te,disk_io_total,5-Disk-Noise,tenant-cpu,tenant-dsk,,,0.057222909586030865,10
te,disk_io_total,5-Disk-Noise,tenant-cpu,tenant-mem,,,0.2812196504835086,10
te,disk_io_total,5-Disk-Noise,tenant-cpu,tenant-nsy,,,0.01007847467781848,10
te,disk_io_total,5-Disk-Noise,tenant-cpu,tenant-ntk,,,0.28220299861264103,10
te,disk_io_total,5-Disk-Noise,tenant-dsk,tenant-cpu,,,0.1226613405052011,10
te,disk_io_total,5-Disk-Noise,tenant-dsk,tenant-mem,,,0.13833830919172907,10
te,disk_io_total,5-Disk-Noise,tenant-dsk,tenant-nsy,,,0.01536777787196597,10
te,disk_io_total,5-Disk-Noise,tenant-dsk,tenant-ntk,,,0.14298595455732915,10
te,disk_io_total,5-Disk-Noise,tenant-mem,tenant-cpu,,,0.26401160954235764,10
te,disk_io_total,5-Disk-Noise,tenant-mem,tenant-dsk,,,0.06932385684052851,10
te,disk_io_total,5-Disk-Noise,tenant-mem,tenant-nsy,,,0.01314158677826618,10
te,disk_io_total,5-Disk-Noise,tenant-mem,tenant-ntk,,,0.29854823740807623,10
te,disk_io_total,5-Disk-Noise,tenant-nsy,tenant-cpu,,,0.03799249200780568,10
te,disk_io_total,5-Disk-Noise,tenant-nsy,tenant-dsk,,,0.02008187748732184,10
te,disk_io_total,5-Disk-Noise,tenant-nsy,tenant-mem,,,0.04462198109456516,10
te,disk_io_total,5-Disk-Noise,tenant-nsy,tenant-ntk,,,0.045433156707612186,10
te,disk_io_total,5-Disk-Noise,tenant-ntk,tenant-cpu,,,0.2575374618712276,10
te,disk_io_total,5-Disk-Noise,tenant-ntk,tenant-dsk,,,0.06474041024610518,10
te,disk_io_total,5-Disk-Noise,tenant-ntk,tenant-mem,,,0.30467869946000986,10
te,disk_io_total,5-Disk-Noise,tenant-ntk,tenant-nsy,,,0.01123318209465687,10
te,disk_io_total,6-Combined-Noise,tenant-cpu,tenant-dsk,,,0.3651896678599704,10
te,disk_io_total,6-Combined-Noise,tenant-cpu,tenant-mem,,,0.3597071027927785,10
te,disk_io_total,6-Combined-Noise,tenant-cpu,tenant-nsy,,,0.3935989904049344,10
te,disk_io_total,6-Combined-Noise,tenant-cpu,tenant-ntk,,,0.3569109949280459,10
te,disk_io_total,6-Combined-Noise,tenant-dsk,tenant-cpu,,,0.36071542208429647,10
te,disk_io_total,6-Combined-Noise,tenant-dsk,tenant-mem,,,0.340965649140506,10
te,disk_io_total,6-Combined-Noise,tenant-dsk,tenant-nsy,,,0.3812190401997592,10
te,disk_io_total,6-Combined-Noise,tenant-dsk,tenant-ntk,,,0.3554032112389332,10
te,disk_io_total,6-Combined-Noise,tenant-mem,tenant-cpu,,,0.3330876128205489,10
te,disk_io_total,6-Combined-Noise,tenant-mem,tenant-dsk,,,0.3713621539434811,10
te,disk_io_total,6-Combined-Noise,tenant-mem,tenant-nsy,,,0.382788392226415,10
te,disk_io_total,6-Combined-Noise,tenant-mem,tenant-ntk,,,0.37718422245196864,10
te,disk_io_total,6-Combined-Noise,tenant-nsy,tenant-cpu,,,0.35716981492823824,10
te,disk_io_total,6-Combined-Noise,tenant-nsy,tenant-dsk,,,0.34105350734889506,10
te,disk_io_total,6-Combined-Noise,tenant-nsy,tenant-mem,,,0.33066271269562525,10
te,disk_io_total,6-Combined-Noise,tenant-nsy,tenant-ntk,,,0.39840951258053237,10
te,disk_io_total,6-Combined-Noise,tenant-ntk,tenant-cpu,,,0.38179643626800974,10
te,disk_io_total,6-Combined-Noise,tenant-ntk,tenant-dsk,,,0.36004607841911096,10
te,disk_io_total,6-Combined-Noise,tenant-ntk,tenant-mem,,,0.3529203666001276,10
te,disk_io_total,6-Combined-Noise,tenant-ntk,tenant-nsy,,,0.39066437224853123,10
te,disk_io_total,7-Recovery,tenant-cpu,tenant-dsk,,,0.2683342572074735,10
te,disk_io_total,7-Recovery,tenant-cpu,tenant-mem,,,0.3342947836955278,10
te,disk_io_total,7-Recovery,tenant-cpu,tenant-nsy,,,0.01443937448861774,10
te,disk_io_total,7-Recovery,tenant-cpu,tenant-ntk,,,0.31412110077381306,10
te,disk_io_total,7-Recovery,tenant-dsk,tenant-cpu,,,0.29940504008998337,10
te,disk_io_total,7-Recovery,tenant-dsk,tenant-mem,,,0.3129145403342545,10
te,disk_io_total,7-Recovery,tenant-dsk,tenant-nsy,,,0.01109478485414137,10
te,disk_io_total,7-Recovery,tenant-dsk,tenant-ntk,,,0.3313282719642924,10
te,disk_io_total,7-Recovery,tenant-mem,tenant-cpu,,,0.3248474112379343,10
te,disk_io_total,7-Recovery,tenant-mem,tenant-dsk,,,0.2869432576300456,10
te,disk_io_total,7-Recovery,tenant-mem,tenant-nsy,,,0.01477011889599828,10
te,disk_io_total,7-Recovery,tenant-mem,tenant-ntk,,,0.34942087683817774,10
te,disk_io_total,7-Recovery,tenant-nsy,tenant-cpu,,,0.05375461964482582,10
te,disk_io_total,7-Recovery,tenant-nsy,tenant-dsk,,,0.04348919451483365,10
te,disk_io_total,7-Recovery,tenant-nsy,tenant-mem,,,0.058485072722038955,10
te,disk_io_total,7-Recovery,tenant-nsy,tenant-ntk,,,0.05589436308758973,10
te,disk_io_total,7-Recovery,tenant-ntk,tenant-cpu,,,0.3064625453574604,10
te,disk_io_total,7-Recovery,tenant-ntk,tenant-dsk,,,0.2796357631604078,10
te,disk_io_total,7-Recovery,tenant-ntk,tenant-mem,,,0.37210562446307194,10
te,disk_io_total,7-Recovery,tenant-ntk,tenant-nsy,,,0.01522338935904231,10
te,memory_usage,1-Baseline,tenant-cpu,tenant-dsk,,,0.13570591302598248,10
te,memory_usage,1-Baseline,tenant-cpu,tenant-mem,,,0.23872499750781445,10
te,memory_usage,1-Baseline,tenant-cpu,tenant-ntk,,,0.18297634196860874,10
te,memory_usage,1-Baseline,tenant-dsk,tenant-cpu,,,0.17053033015528432,10
te,memory_usage,1-Baseline,tenant-dsk,tenant-mem,,,0.1953328256754443,10
te,memory_usage,1-Baseline,tenant-dsk,tenant-ntk,,,0.14525420035467895,10
te,memory_usage,1-Baseline,tenant-mem,tenant-cpu,,,0.2390420300279983,10
te,memory_usage,1-Baseline,tenant-mem,tenant-dsk,,,0.137871715686783,10
te,memory_usage,1-Baseline,tenant-mem,tenant-ntk,,,0.17320153835170987,10
te,memory_usage,1-Baseline,tenant-ntk,tenant-cpu,,,0.2036278565156077,10
te,memory_usage,1-Baseline,tenant-ntk,tenant-dsk,,,0.11876838760523785,10
te,memory_usage,1-Baseline,tenant-ntk,tenant-mem,,,0.21173286739620276,10
te,memory_usage,2-CPU-Noise,tenant-cpu,tenant-dsk,,,0.23722872409326143,10
te,memory_usage,2-CPU-Noise,tenant-cpu,tenant-mem,,,0.22776277425675068,10
te,memory_usage,2-CPU-Noise,tenant-cpu,tenant-nsy,,,0.24068661503798844,10
te,memory_usage,2-CPU-Noise,tenant-cpu,tenant-ntk,,,0.2119990887024601,10
te,memory_usage,2-CPU-Noise,tenant-dsk,tenant-cpu,,,0.23422898041095114,10
te,memory_usage,2-CPU-Noise,tenant-dsk,tenant-mem,,,0.23963646646413742,10
te,memory_usage,2-CPU-Noise,tenant-dsk,tenant-nsy,,,0.23958559686275857,10
te,memory_usage,2-CPU-Noise,tenant-dsk,tenant-ntk,,,0.23254472118206587,10
te,memory_usage,2-CPU-Noise,tenant-mem,tenant-cpu,,,0.22847270247996546,10
te,memory_usage,2-CPU-Noise,tenant-mem,tenant-dsk,,,0.2398952729401241,10
te,memory_usage,2-CPU-Noise,tenant-mem,tenant-nsy,,,0.24194286079153632,10
te,memory_usage,2-CPU-Noise,tenant-mem,tenant-ntk,,,0.21421325728953242,10
te,memory_usage,2-CPU-Noise,tenant-nsy,tenant-cpu,,,0.23691674478155775,10
te,memory_usage,2-CPU-Noise,tenant-nsy,tenant-dsk,,,0.25567948072255114,10
te,memory_usage,2-CPU-Noise,tenant-nsy,tenant-mem,,,0.2511329973988358,10
te,memory_usage,2-CPU-Noise,tenant-nsy,tenant-ntk,,,0.2242485088206458,10
te,memory_usage,2-CPU-Noise,tenant-ntk,tenant-cpu,,,0.21608449915964495,10
te,memory_usage,2-CPU-Noise,tenant-ntk,tenant-dsk,,,0.23274229310898517,10
te,memory_usage,2-CPU-Noise,tenant-ntk,tenant-mem,,,0.21507994587707122,10
te,memory_usage,2-CPU-Noise,tenant-ntk,tenant-nsy,,,0.2329581041866413,10
te,memory_usage,3-Memory-Noise,tenant-cpu,tenant-dsk,,,0.26438108117118686,10
te,memory_usage,3-Memory-Noise,tenant-cpu,tenant-mem,,,0.2428862798514023,10
te,memory_usage,3-Memory-Noise,tenant-cpu,tenant-nsy,,,0.26632601523354976,10
te,memory_usage,3-Memory-Noise,tenant-cpu,tenant-ntk,,,0.2328133327006404,10
te,memory_usage,3-Memory-Noise,tenant-dsk,tenant-cpu,,,0.2774518142050731,10
te,memory_usage,3-Memory-Noise,tenant-dsk,tenant-mem,,,0.25188869903096506,10
te,memory_usage,3-Memory-Noise,tenant-dsk,tenant-nsy,,,0.2674857620960737,10
te,memory_usage,3-Memory-Noise,tenant-dsk,tenant-ntk,,,0.2360370409535936,10
te,memory_usage,3-Memory-Noise,tenant-mem,tenant-cpu,,,0.26462685755449644,10
te,memory_usage,3-Memory-Noise,tenant-mem,tenant-dsk,,,0.26055463376083676,10
te,memory_usage,3-Memory-Noise,tenant-mem,tenant-nsy,,,0.253226327743414,10
te,memory_usage,3-Memory-Noise,tenant-mem,tenant-ntk,,,0.22398602911260967,10
te,memory_usage,3-Memory-Noise,tenant-nsy,tenant-cpu,,,0.28275210192572664,10
te,memory_usage,3-Memory-Noise,tenant-nsy,tenant-dsk,,,0.2723571080363322,10
te,memory_usage,3-Memory-Noise,tenant-nsy,tenant-mem,,,0.24983721487792604,10
te,memory_usage,3-Memory-Noise,tenant-nsy,tenant-ntk,,,0.24224982817300517,10
te,memory_usage,3-Memory-Noise,tenant-ntk,tenant-cpu,,,0.24900375367112265,10
te,memory_usage,3-Memory-Noise,tenant-ntk,tenant-dsk,,,0.2573476800047624,10
te,memory_usage,3-Memory-Noise,tenant-ntk,tenant-mem,,,0.23121322444942627,10
te,memory_usage,3-Memory-Noise,tenant-ntk,tenant-nsy,,,0.24051647614700747,10
te,memory_usage,4-Network-Noise,tenant-cpu,tenant-dsk,,,0.2608242596396617,10
te,memory_usage,4-Network-Noise,tenant-cpu,tenant-mem,,,0.25885530296551557,10
te,memory_usage,4-Network-Noise,tenant-cpu,tenant-nsy,,,0.11540216382901325,10
te,memory_usage,4-Network-Noise,tenant-cpu,tenant-ntk,,,0.2211202760741377,10
te,memory_usage,4-Network-Noise,tenant-dsk,tenant-cpu,,,0.2464553445958984,10
te,memory_usage,4-Network-Noise,tenant-dsk,tenant-mem,,,0.2760128205081952,10
te,memory_usage,4-Network-Noise,tenant-dsk,tenant-nsy,,,0.12162919641742997,10
te,memory_usage,4-Network-Noise,tenant-dsk,tenant-ntk,,,0.21728440952201825,10
te,memory_usage,4-Network-Noise,tenant-mem,tenant-cpu,,,0.2407365813690287,10
te,memory_usage,4-Network-Noise,tenant-mem,tenant-dsk,,,0.25744881844133893,10
te,memory_usage,4-Network-Noise,tenant-mem,tenant-nsy,,,0.12612884134119912,10
te,memory_usage,4-Network-Noise,tenant-mem,tenant-ntk,,,0.23614841489485588,10
te,memory_usage,4-Network-Noise,tenant-nsy,tenant-cpu,,,0.17487378098820267,10
te,memory_usage,4-Network-Noise,tenant-nsy,tenant-dsk,,,0.1823512253108996,10
te,memory_usage,4-Network-Noise,tenant-nsy,tenant-mem,,,0.18590501003011228,10
te,memory_usage,4-Network-Noise,tenant-nsy,tenant-ntk,,,0.1535540723362289,10
te,memory_usage,4-Network-Noise,tenant-ntk,tenant-cpu,,,0.21300687922703415,10
te,memory_usage,4-Network-Noise,tenant-ntk,tenant-dsk,,,0.23321883156220774,10
te,memory_usage,4-Network-Noise,tenant-ntk,tenant-mem,,,0.2603857433733749,10
te,memory_usage,4-Network-Noise,tenant-ntk,tenant-nsy,,,0.11590862697762375,10
te,memory_usage,5-Disk-Noise,tenant-cpu,tenant-dsk,,,0.2910978817023091,10
te,memory_usage,5-Disk-Noise,tenant-cpu,tenant-mem,,,0.2810550491582989,10
te,memory_usage,5-Disk-Noise,tenant-cpu,tenant-nsy,,,0.15156248050257676,10
te,memory_usage,5-Disk-Noise,tenant-cpu,tenant-ntk,,,0.2735376930481596,10
te,memory_usage,5-Disk-Noise,tenant-dsk,tenant-cpu,,,0.3040887419446955,10
te,memory_usage,5-Disk-Noise,tenant-dsk,tenant-mem,,,0.2773453122038616,10
te,memory_usage,5-Disk-Noise,tenant-dsk,tenant-nsy,,,0.1668497726111189,10
te,memory_usage,5-Disk-Noise,tenant-dsk,tenant-ntk,,,0.2712147882086164,10
te,memory_usage,5-Disk-Noise,tenant-mem,tenant-cpu,,,0.281707101590916,10
te,memory_usage,5-Disk-Noise,tenant-mem,tenant-dsk,,,0.2946138652746895,10
te,memory_usage,5-Disk-Noise,tenant-mem,tenant-nsy,,,0.16200395419142594,10
te,memory_usage,5-Disk-Noise,tenant-mem,tenant-ntk,,,0.2694264300028909,10
te,memory_usage,5-Disk-Noise,tenant-nsy,tenant-cpu,,,0.21498587255819457,10
te,memory_usage,5-Disk-Noise,tenant-nsy,tenant-dsk,,,0.21678016773966274,10
te,memory_usage,5-Disk-Noise,tenant-nsy,tenant-mem,,,0.20723977127033794,10
te,memory_usage,5-Disk-Noise,tenant-nsy,tenant-ntk,,,0.2048091387501846,10
te,memory_usage,5-Disk-Noise,tenant-ntk,tenant-cpu,,,0.2821017525232703,10
te,memory_usage,5-Disk-Noise,tenant-ntk,tenant-dsk,,,0.28289759318690794,10
te,memory_usage,5-Disk-Noise,tenant-ntk,tenant-mem,,,0.2548623088391496,10
te,memory_usage,5-Disk-Noise,tenant-ntk,tenant-nsy,,,0.15174974125669172,10
te,memory_usage,6-Combined-Noise,tenant-cpu,tenant-dsk,,,0.3150479447364231,10
te,memory_usage,6-Combined-Noise,tenant-cpu,tenant-mem,,,0.31846628430558266,10
te,memory_usage,6-Combined-Noise,tenant-cpu,tenant-nsy,,,0.2087891158324647,10
te,memory_usage,6-Combined-Noise,tenant-cpu,tenant-ntk,,,0.32982828758948535,10
te,memory_usage,6-Combined-Noise,tenant-dsk,tenant-cpu,,,0.330058871736279,10
te,memory_usage,6-Combined-Noise,tenant-dsk,tenant-mem,,,0.29695193896241745,10
te,memory_usage,6-Combined-Noise,tenant-dsk,tenant-nsy,,,0.1885965863097454,10
te,memory_usage,6-Combined-Noise,tenant-dsk,tenant-ntk,,,0.322041967613372,10
te,memory_usage,6-Combined-Noise,tenant-mem,tenant-cpu,,,0.3336342009530197,10
te,memory_usage,6-Combined-Noise,tenant-mem,tenant-dsk,,,0.2953905596961023,10
te,memory_usage,6-Combined-Noise,tenant-mem,tenant-nsy,,,0.20976864224908728,10
te,memory_usage,6-Combined-Noise,tenant-mem,tenant-ntk,,,0.3211822967437306,10
te,memory_usage,6-Combined-Noise,tenant-nsy,tenant-cpu,,,0.29142125531627033,10
te,memory_usage,6-Combined-Noise,tenant-nsy,tenant-dsk,,,0.2555341730463805,10
te,memory_usage,6-Combined-Noise,tenant-nsy,tenant-mem,,,0.2762495681505301,10
te,memory_usage,6-Combined-Noise,tenant-nsy,tenant-ntk,,,0.2661925142887143,10
te,memory_usage,6-Combined-Noise,tenant-ntk,tenant-cpu,,,0.3420438326717048,10
te,memory_usage,6-Combined-Noise,tenant-ntk,tenant-dsk,,,0.297971053269246,10
te,memory_usage,6-Combined-Noise,tenant-ntk,tenant-mem,,,0.31359545708354347,10
te,memory_usage,6-Combined-Noise,tenant-ntk,tenant-nsy,,,0.18994185939983863,10
te,memory_usage,7-Recovery,tenant-cpu,tenant-dsk,,,0.32072930231090446,10
te,memory_usage,7-Recovery,tenant-cpu,tenant-mem,,,0.32496413412147956,10
te,memory_usage,7-Recovery,tenant-cpu,tenant-nsy,,,0.00989092446785847,10
te,memory_usage,7-Recovery,tenant-cpu,tenant-ntk,,,0.29595855439584695,10
te,memory_usage,7-Recovery,tenant-dsk,tenant-cpu,,,0.32442781289662836,10
te,memory_usage,7-Recovery,tenant-dsk,tenant-mem,,,0.309609771954786,10
te,memory_usage,7-Recovery,tenant-dsk,tenant-nsy,,,0.0101648568405458,10
te,memory_usage,7-Recovery,tenant-dsk,tenant-ntk,,,0.29549117091075117,10
te,memory_usage,7-Recovery,tenant-mem,tenant-cpu,,,0.3170955759194359,10
te,memory_usage,7-Recovery,tenant-mem,tenant-dsk,,,0.31327991215037015,10
te,memory_usage,7-Recovery,tenant-mem,tenant-nsy,,,0.00903110379710953,10
te,memory_usage,7-Recovery,tenant-mem,tenant-ntk,,,0.2924627570184283,10
te,memory_usage,7-Recovery,tenant-nsy,tenant-cpu,,,0.07189362048075289,10
te,memory_usage,7-Recovery,tenant-nsy,tenant-dsk,,,0.07652041486543065,10
te,memory_usage,7-Recovery,tenant-nsy,tenant-mem,,,0.06754408379837695,10
te,memory_usage,7-Recovery,tenant-nsy,tenant-ntk,,,0.05935609568173174,10
te,memory_usage,7-Recovery,tenant-ntk,tenant-cpu,,,0.31128176021161125,10
te,memory_usage,7-Recovery,tenant-ntk,tenant-dsk,,,0.3023871396696368,10
te,memory_usage,7-Recovery,tenant-ntk,tenant-mem,,,0.2897957476442502,10
te,memory_usage,7-Recovery,tenant-ntk,tenant-nsy,,,0.00868845377619975,10
te,network_throughput,1-Baseline,tenant-cpu,tenant-dsk,,,0.01303109190932795,8
te,network_throughput,1-Baseline,tenant-cpu,tenant-mem,,,0.14611198506850964,8
te,network_throughput,1-Baseline,tenant-cpu,tenant-ntk,,,0.18818430112699552,8
te,network_throughput,1-Baseline,tenant-dsk,tenant-cpu,,,0.03301492092326926,8
te,network_throughput,1-Baseline,tenant-dsk,tenant-mem,,,0.03488865999748275,8
te,network_throughput,1-Baseline,tenant-dsk,tenant-ntk,,,0.03776791904711378,8
te,network_throughput,1-Baseline,tenant-mem,tenant-cpu,,,0.1688424573699903,8
te,network_throughput,1-Baseline,tenant-mem,tenant-dsk,,,0.016718760234705875,8
te,network_throughput,1-Baseline,tenant-mem,tenant-ntk,,,0.17153912029115678,8
te,network_throughput,1-Baseline,tenant-ntk,tenant-cpu,,,0.17357570750253876,8
te,network_throughput,1-Baseline,tenant-ntk,tenant-dsk,,,0.01794129771246555,8
te,network_throughput,1-Baseline,tenant-ntk,tenant-mem,,,0.17259139336433998,8
te,network_throughput,2-CPU-Noise,tenant-cpu,tenant-dsk,,,0.2661234056499022,8
te,network_throughput,2-CPU-Noise,tenant-cpu,tenant-mem,,,0.3255610782834114,8
te,network_throughput,2-CPU-Noise,tenant-cpu,tenant-nsy,,,0.19208547879451077,8
te,network_throughput,2-CPU-Noise,tenant-cpu,tenant-ntk,,,0.22307753095875144,8
te,network_throughput,2-CPU-Noise,tenant-dsk,tenant-cpu,,,0.28794599929801423,8
te,network_throughput,2-CPU-Noise,tenant-dsk,tenant-mem,,,0.2896780334941139,8
te,network_throughput,2-CPU-Noise,tenant-dsk,tenant-nsy,,,0.16297851822742176,8
te,network_throughput,2-CPU-Noise,tenant-dsk,tenant-ntk,,,0.20094813592549346,8
te,network_throughput,2-CPU-Noise,tenant-mem,tenant-cpu,,,0.30552296840716325,8
te,network_throughput,2-CPU-Noise,tenant-mem,tenant-dsk,,,0.2639999581458127,8
te,network_throughput,2-CPU-Noise,tenant-mem,tenant-nsy,,,0.20967589714464577,8
te,network_throughput,2-CPU-Noise,tenant-mem,tenant-ntk,,,0.21491840859847777,8
te,network_throughput,2-CPU-Noise,tenant-nsy,tenant-cpu,,,0.2368694956537283,8
te,network_throughput,2-CPU-Noise,tenant-nsy,tenant-dsk,,,0.21486272064386375,8
te,network_throughput,2-CPU-Noise,tenant-nsy,tenant-mem,,,0.25290155220987026,8
te,network_throughput,2-CPU-Noise,tenant-nsy,tenant-ntk,,,0.16835949944280393,8
te,network_throughput,2-CPU-Noise,tenant-ntk,tenant-cpu,,,0.25279078681806544,8
te,network_throughput,2-CPU-Noise,tenant-ntk,tenant-dsk,,,0.2340849609973731,8
te,network_throughput,2-CPU-Noise,tenant-ntk,tenant-mem,,,0.26953333582425854,8
te,network_throughput,2-CPU-Noise,tenant-ntk,tenant-nsy,,,0.16114572316157474,8
te,network_throughput,3-Memory-Noise,tenant-cpu,tenant-dsk,,,0.27561035069973755,8
te,network_throughput,3-Memory-Noise,tenant-cpu,tenant-mem,,,0.2809064396294075,8
te,network_throughput,3-Memory-Noise,tenant-cpu,tenant-nsy,,,0.2728026819908972,8
te,network_throughput,3-Memory-Noise,tenant-cpu,tenant-ntk,,,0.25929157949411785,8
te,network_throughput,3-Memory-Noise,tenant-dsk,tenant-cpu,,,0.29832529265774393,8
te,network_throughput,3-Memory-Noise,tenant-dsk,tenant-mem,,,0.29884630483300334,8
te,network_throughput,3-Memory-Noise,tenant-dsk,tenant-nsy,,,0.27353507749206224,8
te,network_throughput,3-Memory-Noise,tenant-dsk,tenant-ntk,,,0.24680692812249455,8
te,network_throughput,3-Memory-Noise,tenant-mem,tenant-cpu,,,0.2888655124636389,8
te,network_throughput,3-Memory-Noise,tenant-mem,tenant-dsk,,,0.29067468327780555,8
te,network_throughput,3-Memory-Noise,tenant-mem,tenant-nsy,,,0.2714315025213838,8
te,network_throughput,3-Memory-Noise,tenant-mem,tenant-ntk,,,0.2495744531367211,8
te,network_throughput,3-Memory-Noise,tenant-nsy,tenant-cpu,,,0.26589418254519337,8
te,network_throughput,3-Memory-Noise,tenant-nsy,tenant-dsk,,,0.2730971767570583,8
te,network_throughput,3-Memory-Noise,tenant-nsy,tenant-mem,,,0.2790403521786494,8
te,network_throughput,3-Memory-Noise,tenant-nsy,tenant-ntk,,,0.24535587822759913,8
te,network_throughput,3-Memory-Noise,tenant-ntk,tenant-cpu,,,0.2911379593595072,8
te,network_throughput,3-Memory-Noise,tenant-ntk,tenant-dsk,,,0.2962677268521289,8
te,network_throughput,3-Memory-Noise,tenant-ntk,tenant-mem,,,0.2964659264680013,8
te,network_throughput,3-Memory-Noise,tenant-ntk,tenant-nsy,,,0.26890491878850353,8
te,network_throughput,4-Network-Noise,tenant-cpu,tenant-dsk,,,0.3139442364651379,8
te,network_throughput,4-Network-Noise,tenant-cpu,tenant-mem,,,0.2852183943112898,8
te,network_throughput,4-Network-Noise,tenant-cpu,tenant-nsy,,,0.0938951401209475,8
te,network_throughput,4-Network-Noise,tenant-cpu,tenant-ntk,,,0.26445308658137107,8
te,network_throughput,4-Network-Noise,tenant-dsk,tenant-cpu,,,0.3122265432285596,8
te,network_throughput,4-Network-Noise,tenant-dsk,tenant-mem,,,0.324446500530011,8
te,network_throughput,4-Network-Noise,tenant-dsk,tenant-nsy,,,0.08412437427620939,8
te,network_throughput,4-Network-Noise,tenant-dsk,tenant-ntk,,,0.25548864911513486,8
te,network_throughput,4-Network-Noise,tenant-mem,tenant-cpu,,,0.31535010535946545,8
te,network_throughput,4-Network-Noise,tenant-mem,tenant-dsk,,,0.3008775302368621,8
te,network_throughput,4-Network-Noise,tenant-mem,tenant-nsy,,,0.09209842273137095,8
te,network_throughput,4-Network-Noise,tenant-mem,tenant-ntk,,,0.2662890404145169,8
te,network_throughput,4-Network-Noise,tenant-nsy,tenant-cpu,,,0.17779428958749147,8
te,network_throughput,4-Network-Noise,tenant-nsy,tenant-dsk,,,0.18568035362293067,8
te,network_throughput,4-Network-Noise,tenant-nsy,tenant-mem,,,0.1773631624235463,8
te,network_throughput,4-Network-Noise,tenant-nsy,tenant-ntk,,,0.16125522212205465,8
te,network_throughput,4-Network-Noise,tenant-ntk,tenant-cpu,,,0.29631717320847534,8
te,network_throughput,4-Network-Noise,tenant-ntk,tenant-dsk,,,0.29729664683542284,8
te,network_throughput,4-Network-Noise,tenant-ntk,tenant-mem,,,0.2989430446285595,8
te,network_throughput,4-Network-Noise,tenant-ntk,tenant-nsy,,,0.09171660641601537,8
te,network_throughput,5-Disk-Noise,tenant-cpu,tenant-dsk,,,0.2959685813511673,8
te,network_throughput,5-Disk-Noise,tenant-cpu,tenant-mem,,,0.25980493700119506,8
te,network_throughput,5-Disk-Noise,tenant-cpu,tenant-nsy,,,0.02367515986143955,8
te,network_throughput,5-Disk-Noise,tenant-cpu,tenant-ntk,,,0.22314753853313482,8
te,network_throughput,5-Disk-Noise,tenant-dsk,tenant-cpu,,,0.2748664153645367,8
te,network_throughput,5-Disk-Noise,tenant-dsk,tenant-mem,,,0.29456031983431347,8
te,network_throughput,5-Disk-Noise,tenant-dsk,tenant-nsy,,,0.01842289231004521,8
te,network_throughput,5-Disk-Noise,tenant-dsk,tenant-ntk,,,0.2478085254928391,8
te,network_throughput,5-Disk-Noise,tenant-mem,tenant-cpu,,,0.2443126878441842,8
te,network_throughput,5-Disk-Noise,tenant-mem,tenant-dsk,,,0.31918028999345643,8
te,network_throughput,5-Disk-Noise,tenant-mem,tenant-nsy,,,0.02120705344596444,8
te,network_throughput,5-Disk-Noise,tenant-mem,tenant-ntk,,,0.23103730737920952,8
te,network_throughput,5-Disk-Noise,tenant-nsy,tenant-cpu,,,0.04751290230552714,8
te,network_throughput,5-Disk-Noise,tenant-nsy,tenant-dsk,,,0.046925107956569526,8
te,network_throughput,5-Disk-Noise,tenant-nsy,tenant-mem,,,0.04474032255512572,8
te,network_throughput,5-Disk-Noise,tenant-nsy,tenant-ntk,,,0.03773290238753073,8
te,network_throughput,5-Disk-Noise,tenant-ntk,tenant-cpu,,,0.25677613090563384,8
te,network_throughput,5-Disk-Noise,tenant-ntk,tenant-dsk,,,0.3029947628856255,8
te,network_throughput,5-Disk-Noise,tenant-ntk,tenant-mem,,,0.259343434374761,8
te,network_throughput,5-Disk-Noise,tenant-ntk,tenant-nsy,,,0.017997046364443076,8
te,network_throughput,6-Combined-Noise,tenant-cpu,tenant-dsk,,,0.34736451974988714,8
te,network_throughput,6-Combined-Noise,tenant-cpu,tenant-mem,,,0.3952377181643121,8
te,network_throughput,6-Combined-Noise,tenant-cpu,tenant-nsy,,,0.11285695855007365,8
te,network_throughput,6-Combined-Noise,tenant-cpu,tenant-ntk,,,0.32295238479997795,8
te,network_throughput,6-Combined-Noise,tenant-dsk,tenant-cpu,,,0.3601912125655876,8
te,network_throughput,6-Combined-Noise,tenant-dsk,tenant-mem,,,0.37099888777145684,8
te,network_throughput,6-Combined-Noise,tenant-dsk,tenant-nsy,,,0.10719091980839371,8
te,network_throughput,6-Combined-Noise,tenant-dsk,tenant-ntk,,,0.27762859576543103,8
te,network_throughput,6-Combined-Noise,tenant-mem,tenant-cpu,,,0.3866747546218873,8
te,network_throughput,6-Combined-Noise,tenant-mem,tenant-dsk,,,0.34742661108817274,8
te,network_throughput,6-Combined-Noise,tenant-mem,tenant-nsy,,,0.10823244697061399,8
te,network_throughput,6-Combined-Noise,tenant-mem,tenant-ntk,,,0.302259225219229,8
te,network_throughput,6-Combined-Noise,tenant-nsy,tenant-cpu,,,0.2515675271788547,8
te,network_throughput,6-Combined-Noise,tenant-nsy,tenant-dsk,,,0.20530542845128463,8
te,network_throughput,6-Combined-Noise,tenant-nsy,tenant-mem,,,0.2389177286939947,8
te,network_throughput,6-Combined-Noise,tenant-nsy,tenant-ntk,,,0.1896893275258317,8
te,network_throughput,6-Combined-Noise,tenant-ntk,tenant-cpu,,,0.36851329364636665,8
te,network_throughput,6-Combined-Noise,tenant-ntk,tenant-dsk,,,0.3350111948123566,8
te,network_throughput,6-Combined-Noise,tenant-ntk,tenant-mem,,,0.3878802321514409,8
te,network_throughput,6-Combined-Noise,tenant-ntk,tenant-nsy,,,0.10248180830604854,8
te,network_throughput,7-Recovery,tenant-cpu,tenant-dsk,,,0.35158766377435924,8
te,network_throughput,7-Recovery,tenant-cpu,tenant-mem,,,0.3876018374891356,8
te,network_throughput,7-Recovery,tenant-cpu,tenant-nsy,,,0.020685233472403537,8
te,network_throughput,7-Recovery,tenant-cpu,tenant-ntk,,,0.28686061261732915,8
te,network_throughput,7-Recovery,tenant-dsk,tenant-cpu,,,0.3586431456839334,8
te,network_throughput,7-Recovery,tenant-dsk,tenant-mem,,,0.3848606952695739,8
te,network_throughput,7-Recovery,tenant-dsk,tenant-nsy,,,0.018200000150784712,8
te,network_throughput,7-Recovery,tenant-dsk,tenant-ntk,,,0.2820344553356759,8
te,network_throughput,7-Recovery,tenant-mem,tenant-cpu,,,0.39730556926198274,8
te,network_throughput,7-Recovery,tenant-mem,tenant-dsk,,,0.36396855628115027,8
te,network_throughput,7-Recovery,tenant-mem,tenant-nsy,,,0.012785444880936287,8
te,network_throughput,7-Recovery,tenant-mem,tenant-ntk,,,0.31472064616439976,8
te,network_throughput,7-Recovery,tenant-nsy,tenant-cpu,,,0.07834179204152761,8
te,network_throughput,7-Recovery,tenant-nsy,tenant-dsk,,,0.06364672485452179,8
te,network_throughput,7-Recovery,tenant-nsy,tenant-mem,,,0.07120574554733308,8
te,network_throughput,7-Recovery,tenant-nsy,tenant-ntk,,,0.07241443815846386,8
te,network_throughput,7-Recovery,tenant-ntk,tenant-cpu,,,0.3570311057781066,8
te,network_throughput,7-Recovery,tenant-ntk,tenant-dsk,,,0.3220360774305059,8
te,network_throughput,7-Recovery,tenant-ntk,tenant-mem,,,0.3798650484716095,8
te,network_throughput,7-Recovery,tenant-ntk,tenant-nsy,,,0.01666411841138575,8
