metric,phase,tenant1,tenant2,mean_correlation,std_correlation,count
cpu,usage_1-Baseline,tenant-cpu,tenant-cpu,1.0,0.0,10
cpu,usage_1-Baseline,tenant-cpu,tenant-dsk,0.2417037258671893,0.0723188953761724,10
cpu,usage_1-Baseline,tenant-cpu,tenant-mem,0.3354301515413269,0.09255745546554217,10
cpu,usage_1-Baseline,tenant-cpu,tenant-ntk,0.12041563034840941,0.17170806114245052,10
cpu,usage_1-Baseline,tenant-dsk,tenant-cpu,0.2417037258671893,0.0723188953761724,10
cpu,usage_1-Baseline,tenant-dsk,tenant-dsk,1.0,0.0,10
cpu,usage_1-Baseline,tenant-dsk,tenant-mem,0.23402215327494966,0.08404136107846831,10
cpu,usage_1-Baseline,tenant-dsk,tenant-ntk,-0.06272184123497802,0.2166632197039039,10
cpu,usage_1-Baseline,tenant-mem,tenant-cpu,0.3354301515413269,0.09255745546554217,10
cpu,usage_1-Baseline,tenant-mem,tenant-dsk,0.23402215327494966,0.08404136107846831,10
cpu,usage_1-Baseline,tenant-mem,tenant-mem,1.0,0.0,10
cpu,usage_1-Baseline,tenant-mem,tenant-ntk,0.18556515429148393,0.1278219603352226,10
cpu,usage_1-Baseline,tenant-ntk,tenant-cpu,0.12041563034840941,0.17170806114245052,10
cpu,usage_1-Baseline,tenant-ntk,tenant-dsk,-0.06272184123497802,0.2166632197039039,10
cpu,usage_1-Baseline,tenant-ntk,tenant-mem,0.18556515429148393,0.1278219603352226,10
cpu,usage_1-Baseline,tenant-ntk,tenant-ntk,1.0,0.0,10
cpu,usage_2-CPU-Noise,tenant-cpu,tenant-cpu,1.0,0.0,10
cpu,usage_2-CPU-Noise,tenant-cpu,tenant-dsk,0.16485425251128,0.07662324092115148,10
cpu,usage_2-CPU-Noise,tenant-cpu,tenant-mem,0.5515196425855342,0.06754504435727907,10
cpu,usage_2-CPU-Noise,tenant-cpu,tenant-nsy,-0.44600484901736426,0.05893115493090008,10
cpu,usage_2-CPU-Noise,tenant-cpu,tenant-ntk,0.2952796133581579,0.05127886931821217,10
cpu,usage_2-CPU-Noise,tenant-dsk,tenant-cpu,0.16485425251128,0.07662324092115148,10
cpu,usage_2-CPU-Noise,tenant-dsk,tenant-dsk,1.0,0.0,10
cpu,usage_2-CPU-Noise,tenant-dsk,tenant-mem,0.2042730035482155,0.08440246167325151,10
cpu,usage_2-CPU-Noise,tenant-dsk,tenant-nsy,-0.03977263283595918,0.0787409714938551,10
cpu,usage_2-CPU-Noise,tenant-dsk,tenant-ntk,0.35284288370443917,0.030572653354017532,10
cpu,usage_2-CPU-Noise,tenant-mem,tenant-cpu,0.5515196425855342,0.06754504435727907,10
cpu,usage_2-CPU-Noise,tenant-mem,tenant-dsk,0.2042730035482155,0.08440246167325151,10
cpu,usage_2-CPU-Noise,tenant-mem,tenant-mem,1.0,0.0,10
cpu,usage_2-CPU-Noise,tenant-mem,tenant-nsy,-0.4374928942450298,0.03726124009590422,10
cpu,usage_2-CPU-Noise,tenant-mem,tenant-ntk,0.30541918129056844,0.03530701817883616,10
cpu,usage_2-CPU-Noise,tenant-nsy,tenant-cpu,-0.44600484901736426,0.05893115493090008,10
cpu,usage_2-CPU-Noise,tenant-nsy,tenant-dsk,-0.03977263283595918,0.0787409714938551,10
cpu,usage_2-CPU-Noise,tenant-nsy,tenant-mem,-0.4374928942450298,0.03726124009590422,10
cpu,usage_2-CPU-Noise,tenant-nsy,tenant-nsy,1.0,0.0,10
cpu,usage_2-CPU-Noise,tenant-nsy,tenant-ntk,0.0704781154215041,0.05031896704428772,10
cpu,usage_2-CPU-Noise,tenant-ntk,tenant-cpu,0.2952796133581579,0.05127886931821217,10
cpu,usage_2-CPU-Noise,tenant-ntk,tenant-dsk,0.35284288370443917,0.030572653354017532,10
cpu,usage_2-CPU-Noise,tenant-ntk,tenant-mem,0.30541918129056844,0.03530701817883616,10
cpu,usage_2-CPU-Noise,tenant-ntk,tenant-nsy,0.0704781154215041,0.05031896704428772,10
cpu,usage_2-CPU-Noise,tenant-ntk,tenant-ntk,1.0,0.0,10
cpu,usage_3-Memory-Noise,tenant-cpu,tenant-cpu,1.0,0.0,10
cpu,usage_3-Memory-Noise,tenant-cpu,tenant-dsk,0.15101239551706172,0.06539556623900183,10
cpu,usage_3-Memory-Noise,tenant-cpu,tenant-mem,0.40025987096645316,0.05341193982290054,10
cpu,usage_3-Memory-Noise,tenant-cpu,tenant-nsy,-0.1686298310860757,0.09060457799113059,10
cpu,usage_3-Memory-Noise,tenant-cpu,tenant-ntk,0.3138585271694164,0.0574538848964711,10
cpu,usage_3-Memory-Noise,tenant-dsk,tenant-cpu,0.15101239551706172,0.06539556623900183,10
cpu,usage_3-Memory-Noise,tenant-dsk,tenant-dsk,1.0,0.0,10
cpu,usage_3-Memory-Noise,tenant-dsk,tenant-mem,0.10356343058240727,0.08872350555314742,10
cpu,usage_3-Memory-Noise,tenant-dsk,tenant-nsy,0.0930235196214288,0.08763060122914533,10
cpu,usage_3-Memory-Noise,tenant-dsk,tenant-ntk,0.3209449275707803,0.08301860723549066,10
cpu,usage_3-Memory-Noise,tenant-mem,tenant-cpu,0.40025987096645316,0.05341193982290054,10
cpu,usage_3-Memory-Noise,tenant-mem,tenant-dsk,0.10356343058240727,0.08872350555314742,10
cpu,usage_3-Memory-Noise,tenant-mem,tenant-mem,1.0,0.0,10
cpu,usage_3-Memory-Noise,tenant-mem,tenant-nsy,-0.19762882722036243,0.07443931520626113,10
cpu,usage_3-Memory-Noise,tenant-mem,tenant-ntk,0.3041269936247891,0.0673062707662588,10
cpu,usage_3-Memory-Noise,tenant-nsy,tenant-cpu,-0.1686298310860757,0.09060457799113059,10
cpu,usage_3-Memory-Noise,tenant-nsy,tenant-dsk,0.0930235196214288,0.08763060122914533,10
cpu,usage_3-Memory-Noise,tenant-nsy,tenant-mem,-0.19762882722036243,0.07443931520626113,10
cpu,usage_3-Memory-Noise,tenant-nsy,tenant-nsy,1.0,0.0,10
cpu,usage_3-Memory-Noise,tenant-nsy,tenant-ntk,0.1529558075866659,0.056672400596124835,10
cpu,usage_3-Memory-Noise,tenant-ntk,tenant-cpu,0.3138585271694164,0.0574538848964711,10
cpu,usage_3-Memory-Noise,tenant-ntk,tenant-dsk,0.3209449275707803,0.08301860723549066,10
cpu,usage_3-Memory-Noise,tenant-ntk,tenant-mem,0.3041269936247891,0.0673062707662588,10
cpu,usage_3-Memory-Noise,tenant-ntk,tenant-nsy,0.1529558075866659,0.056672400596124835,10
cpu,usage_3-Memory-Noise,tenant-ntk,tenant-ntk,1.0,0.0,10
cpu,usage_4-Network-Noise,tenant-cpu,tenant-cpu,1.0,0.0,10
cpu,usage_4-Network-Noise,tenant-cpu,tenant-dsk,0.09423621978778861,0.1411932211328144,10
cpu,usage_4-Network-Noise,tenant-cpu,tenant-mem,0.6715620729645684,0.03693201806167981,10
cpu,usage_4-Network-Noise,tenant-cpu,tenant-nsy,-0.55174218678644,0.059807609687049706,10
cpu,usage_4-Network-Noise,tenant-cpu,tenant-ntk,0.29179347190157057,0.07157578268467511,10
cpu,usage_4-Network-Noise,tenant-dsk,tenant-cpu,0.09423621978778861,0.1411932211328144,10
cpu,usage_4-Network-Noise,tenant-dsk,tenant-dsk,1.0,0.0,10
cpu,usage_4-Network-Noise,tenant-dsk,tenant-mem,0.07813065024708359,0.12439021362277267,10
cpu,usage_4-Network-Noise,tenant-dsk,tenant-nsy,0.13542890686519765,0.10879206370890074,10
cpu,usage_4-Network-Noise,tenant-dsk,tenant-ntk,0.33378723075863415,0.04894148896307894,10
cpu,usage_4-Network-Noise,tenant-mem,tenant-cpu,0.6715620729645684,0.03693201806167981,10
cpu,usage_4-Network-Noise,tenant-mem,tenant-dsk,0.07813065024708359,0.12439021362277267,10
cpu,usage_4-Network-Noise,tenant-mem,tenant-mem,1.0,0.0,10
cpu,usage_4-Network-Noise,tenant-mem,tenant-nsy,-0.5497432168369902,0.06863790149036414,10
cpu,usage_4-Network-Noise,tenant-mem,tenant-ntk,0.2695756962620943,0.08117783388781621,10
cpu,usage_4-Network-Noise,tenant-nsy,tenant-cpu,-0.55174218678644,0.059807609687049706,10
cpu,usage_4-Network-Noise,tenant-nsy,tenant-dsk,0.13542890686519765,0.10879206370890074,10
cpu,usage_4-Network-Noise,tenant-nsy,tenant-mem,-0.5497432168369902,0.06863790149036414,10
cpu,usage_4-Network-Noise,tenant-nsy,tenant-nsy,1.0,0.0,10
cpu,usage_4-Network-Noise,tenant-nsy,tenant-ntk,0.1096903044063127,0.05475673714305295,10
cpu,usage_4-Network-Noise,tenant-ntk,tenant-cpu,0.29179347190157057,0.07157578268467511,10
cpu,usage_4-Network-Noise,tenant-ntk,tenant-dsk,0.33378723075863415,0.04894148896307894,10
cpu,usage_4-Network-Noise,tenant-ntk,tenant-mem,0.2695756962620943,0.08117783388781621,10
cpu,usage_4-Network-Noise,tenant-ntk,tenant-nsy,0.1096903044063127,0.05475673714305295,10
cpu,usage_4-Network-Noise,tenant-ntk,tenant-ntk,1.0,0.0,10
cpu,usage_5-Disk-Noise,tenant-cpu,tenant-cpu,1.0,0.0,10
cpu,usage_5-Disk-Noise,tenant-cpu,tenant-dsk,0.13597047301296286,0.1005783591318498,10
cpu,usage_5-Disk-Noise,tenant-cpu,tenant-mem,0.2825615255917448,0.07287509909010874,10
cpu,usage_5-Disk-Noise,tenant-cpu,tenant-nsy,0.13922161325767549,0.1174245456256642,10
cpu,usage_5-Disk-Noise,tenant-cpu,tenant-ntk,0.2963097665480853,0.09072908257217102,10
cpu,usage_5-Disk-Noise,tenant-dsk,tenant-cpu,0.13597047301296286,0.1005783591318498,10
cpu,usage_5-Disk-Noise,tenant-dsk,tenant-dsk,1.0,0.0,10
cpu,usage_5-Disk-Noise,tenant-dsk,tenant-mem,0.10089491050261339,0.08034863548510295,10
cpu,usage_5-Disk-Noise,tenant-dsk,tenant-nsy,0.384713290122936,0.1407470366695888,10
cpu,usage_5-Disk-Noise,tenant-dsk,tenant-ntk,0.3239729853929564,0.06430019542210699,10
cpu,usage_5-Disk-Noise,tenant-mem,tenant-cpu,0.2825615255917448,0.07287509909010874,10
cpu,usage_5-Disk-Noise,tenant-mem,tenant-dsk,0.10089491050261339,0.08034863548510295,10
cpu,usage_5-Disk-Noise,tenant-mem,tenant-mem,1.0,0.0,10
cpu,usage_5-Disk-Noise,tenant-mem,tenant-nsy,0.12052812044100052,0.0611407665709259,10
cpu,usage_5-Disk-Noise,tenant-mem,tenant-ntk,0.31078479064791004,0.08200495982132329,10
cpu,usage_5-Disk-Noise,tenant-nsy,tenant-cpu,0.13922161325767549,0.1174245456256642,10
cpu,usage_5-Disk-Noise,tenant-nsy,tenant-dsk,0.384713290122936,0.1407470366695888,10
cpu,usage_5-Disk-Noise,tenant-nsy,tenant-mem,0.12052812044100052,0.0611407665709259,10
cpu,usage_5-Disk-Noise,tenant-nsy,tenant-nsy,1.0,0.0,10
cpu,usage_5-Disk-Noise,tenant-nsy,tenant-ntk,0.3372828770720602,0.08515854913001289,10
cpu,usage_5-Disk-Noise,tenant-ntk,tenant-cpu,0.2963097665480853,0.09072908257217102,10
cpu,usage_5-Disk-Noise,tenant-ntk,tenant-dsk,0.3239729853929564,0.06430019542210699,10
cpu,usage_5-Disk-Noise,tenant-ntk,tenant-mem,0.31078479064791004,0.08200495982132329,10
cpu,usage_5-Disk-Noise,tenant-ntk,tenant-nsy,0.3372828770720602,0.08515854913001289,10
cpu,usage_5-Disk-Noise,tenant-ntk,tenant-ntk,1.0,0.0,10
cpu,usage_6-Combined-Noise,tenant-cpu,tenant-cpu,1.0,0.0,10
cpu,usage_6-Combined-Noise,tenant-cpu,tenant-dsk,0.20677394166100022,0.12186833762413517,10
cpu,usage_6-Combined-Noise,tenant-cpu,tenant-mem,0.6093722796515573,0.060482728132037165,10
cpu,usage_6-Combined-Noise,tenant-cpu,tenant-nsy,-0.2202500768427295,0.10732077126913304,10
cpu,usage_6-Combined-Noise,tenant-cpu,tenant-ntk,0.35272747708107144,0.04744775619688077,10
cpu,usage_6-Combined-Noise,tenant-dsk,tenant-cpu,0.20677394166100022,0.12186833762413517,10
cpu,usage_6-Combined-Noise,tenant-dsk,tenant-dsk,1.0,0.0,10
cpu,usage_6-Combined-Noise,tenant-dsk,tenant-mem,0.15980762071388294,0.1548869213336033,10
cpu,usage_6-Combined-Noise,tenant-dsk,tenant-nsy,0.07625207471691126,0.24757632291127113,10
cpu,usage_6-Combined-Noise,tenant-dsk,tenant-ntk,0.33867504047282637,0.08602319713690422,10
cpu,usage_6-Combined-Noise,tenant-mem,tenant-cpu,0.6093722796515573,0.060482728132037165,10
cpu,usage_6-Combined-Noise,tenant-mem,tenant-dsk,0.15980762071388294,0.1548869213336033,10
cpu,usage_6-Combined-Noise,tenant-mem,tenant-mem,1.0,0.0,10
cpu,usage_6-Combined-Noise,tenant-mem,tenant-nsy,-0.25331486806077036,0.13544404951341177,10
cpu,usage_6-Combined-Noise,tenant-mem,tenant-ntk,0.3007320048635005,0.07788550837964493,10
cpu,usage_6-Combined-Noise,tenant-nsy,tenant-cpu,-0.2202500768427295,0.10732077126913304,10
cpu,usage_6-Combined-Noise,tenant-nsy,tenant-dsk,0.07625207471691126,0.24757632291127113,10
cpu,usage_6-Combined-Noise,tenant-nsy,tenant-mem,-0.25331486806077036,0.13544404951341177,10
cpu,usage_6-Combined-Noise,tenant-nsy,tenant-nsy,1.0,0.0,10
cpu,usage_6-Combined-Noise,tenant-nsy,tenant-ntk,0.21167579389077198,0.13083614603810056,10
cpu,usage_6-Combined-Noise,tenant-ntk,tenant-cpu,0.35272747708107144,0.04744775619688077,10
cpu,usage_6-Combined-Noise,tenant-ntk,tenant-dsk,0.33867504047282637,0.08602319713690422,10
cpu,usage_6-Combined-Noise,tenant-ntk,tenant-mem,0.3007320048635005,0.07788550837964493,10
cpu,usage_6-Combined-Noise,tenant-ntk,tenant-nsy,0.21167579389077198,0.13083614603810056,10
cpu,usage_6-Combined-Noise,tenant-ntk,tenant-ntk,1.0,0.0,10
cpu,usage_7-Recovery,tenant-cpu,tenant-cpu,1.0,0.0,10
cpu,usage_7-Recovery,tenant-cpu,tenant-dsk,0.21779401396617826,0.137185441789093,10
cpu,usage_7-Recovery,tenant-cpu,tenant-mem,0.6394597586116196,0.19476603067969284,10
cpu,usage_7-Recovery,tenant-cpu,tenant-nsy,-0.6341007448472424,0.22971072520833616,10
cpu,usage_7-Recovery,tenant-cpu,tenant-ntk,0.28685476555494727,0.10337507171594135,10
cpu,usage_7-Recovery,tenant-dsk,tenant-cpu,0.21779401396617826,0.137185441789093,10
cpu,usage_7-Recovery,tenant-dsk,tenant-dsk,1.0,0.0,10
cpu,usage_7-Recovery,tenant-dsk,tenant-mem,0.20904680741505727,0.14283129735936373,10
cpu,usage_7-Recovery,tenant-dsk,tenant-nsy,-0.14051295196034327,0.159307268339294,10
cpu,usage_7-Recovery,tenant-dsk,tenant-ntk,0.37402880220831525,0.10618923362113367,10
cpu,usage_7-Recovery,tenant-mem,tenant-cpu,0.6394597586116196,0.19476603067969284,10
cpu,usage_7-Recovery,tenant-mem,tenant-dsk,0.20904680741505727,0.14283129735936373,10
cpu,usage_7-Recovery,tenant-mem,tenant-mem,1.0,0.0,10
cpu,usage_7-Recovery,tenant-mem,tenant-nsy,-0.6348960339571135,0.2383732512634904,10
cpu,usage_7-Recovery,tenant-mem,tenant-ntk,0.24992512770686853,0.09383695426534032,10
cpu,usage_7-Recovery,tenant-nsy,tenant-cpu,-0.6341007448472424,0.22971072520833616,10
cpu,usage_7-Recovery,tenant-nsy,tenant-dsk,-0.14051295196034327,0.159307268339294,10
cpu,usage_7-Recovery,tenant-nsy,tenant-mem,-0.6348960339571135,0.2383732512634904,10
cpu,usage_7-Recovery,tenant-nsy,tenant-nsy,1.0,0.0,10
cpu,usage_7-Recovery,tenant-nsy,tenant-ntk,-0.06805822360240657,0.09323238490429724,10
cpu,usage_7-Recovery,tenant-ntk,tenant-cpu,0.28685476555494727,0.10337507171594135,10
cpu,usage_7-Recovery,tenant-ntk,tenant-dsk,0.37402880220831525,0.10618923362113367,10
cpu,usage_7-Recovery,tenant-ntk,tenant-mem,0.24992512770686853,0.09383695426534032,10
cpu,usage_7-Recovery,tenant-ntk,tenant-nsy,-0.06805822360240657,0.09323238490429724,10
cpu,usage_7-Recovery,tenant-ntk,tenant-ntk,1.0,0.0,10
disk,io_total_1-Baseline,tenant-cpu,tenant-cpu,1.0,0.0,10
disk,io_total_1-Baseline,tenant-cpu,tenant-dsk,0.4338498304179675,0.1140413783235208,10
disk,io_total_1-Baseline,tenant-cpu,tenant-mem,0.30931635006693015,0.10343168824054327,10
disk,io_total_1-Baseline,tenant-cpu,tenant-ntk,0.2491895046371393,0.22936922138338467,10
disk,io_total_1-Baseline,tenant-dsk,tenant-cpu,0.4338498304179675,0.1140413783235208,10
disk,io_total_1-Baseline,tenant-dsk,tenant-dsk,1.0,0.0,10
disk,io_total_1-Baseline,tenant-dsk,tenant-mem,0.41993990832541284,0.13927148536526995,10
disk,io_total_1-Baseline,tenant-dsk,tenant-ntk,0.13408793246971557,0.30964182759095077,10
disk,io_total_1-Baseline,tenant-mem,tenant-cpu,0.30931635006693015,0.10343168824054327,10
disk,io_total_1-Baseline,tenant-mem,tenant-dsk,0.41993990832541284,0.13927148536526995,10
disk,io_total_1-Baseline,tenant-mem,tenant-mem,1.0,0.0,10
disk,io_total_1-Baseline,tenant-mem,tenant-ntk,0.23590549553497553,0.15145822801565903,10
disk,io_total_1-Baseline,tenant-ntk,tenant-cpu,0.2491895046371393,0.22936922138338467,10
disk,io_total_1-Baseline,tenant-ntk,tenant-dsk,0.13408793246971557,0.30964182759095077,10
disk,io_total_1-Baseline,tenant-ntk,tenant-mem,0.23590549553497553,0.15145822801565903,10
disk,io_total_1-Baseline,tenant-ntk,tenant-ntk,1.0,0.0,10
disk,io_total_2-CPU-Noise,tenant-cpu,tenant-cpu,1.0,0.0,10
disk,io_total_2-CPU-Noise,tenant-cpu,tenant-dsk,0.2271810882823368,0.05048256671118783,10
disk,io_total_2-CPU-Noise,tenant-cpu,tenant-mem,0.2143086432482184,0.07486776287745597,10
disk,io_total_2-CPU-Noise,tenant-cpu,tenant-nsy,0.13600470102201606,0.11367197603711614,10
disk,io_total_2-CPU-Noise,tenant-cpu,tenant-ntk,0.1589880294173761,0.09914185975459483,10
disk,io_total_2-CPU-Noise,tenant-dsk,tenant-cpu,0.2271810882823368,0.05048256671118783,10
disk,io_total_2-CPU-Noise,tenant-dsk,tenant-dsk,1.0,0.0,10
disk,io_total_2-CPU-Noise,tenant-dsk,tenant-mem,0.22208071648701178,0.1252797303160813,10
disk,io_total_2-CPU-Noise,tenant-dsk,tenant-nsy,0.1839816501732084,0.14829084496257658,10
disk,io_total_2-CPU-Noise,tenant-dsk,tenant-ntk,0.20433684537318225,0.08308186422405126,10
disk,io_total_2-CPU-Noise,tenant-mem,tenant-cpu,0.2143086432482184,0.07486776287745597,10
disk,io_total_2-CPU-Noise,tenant-mem,tenant-dsk,0.22208071648701178,0.1252797303160813,10
disk,io_total_2-CPU-Noise,tenant-mem,tenant-mem,1.0,0.0,10
disk,io_total_2-CPU-Noise,tenant-mem,tenant-nsy,0.15053445798888218,0.1432594986999044,10
disk,io_total_2-CPU-Noise,tenant-mem,tenant-ntk,0.1771021454228458,0.10817490070268547,10
disk,io_total_2-CPU-Noise,tenant-nsy,tenant-cpu,0.13600470102201606,0.11367197603711614,10
disk,io_total_2-CPU-Noise,tenant-nsy,tenant-dsk,0.1839816501732084,0.14829084496257658,10
disk,io_total_2-CPU-Noise,tenant-nsy,tenant-mem,0.15053445798888218,0.1432594986999044,10
disk,io_total_2-CPU-Noise,tenant-nsy,tenant-nsy,1.0,0.0,10
disk,io_total_2-CPU-Noise,tenant-nsy,tenant-ntk,0.12239227669936951,0.11266981598274582,10
disk,io_total_2-CPU-Noise,tenant-ntk,tenant-cpu,0.1589880294173761,0.09914185975459483,10
disk,io_total_2-CPU-Noise,tenant-ntk,tenant-dsk,0.20433684537318225,0.08308186422405126,10
disk,io_total_2-CPU-Noise,tenant-ntk,tenant-mem,0.1771021454228458,0.10817490070268547,10
disk,io_total_2-CPU-Noise,tenant-ntk,tenant-nsy,0.12239227669936951,0.11266981598274582,10
disk,io_total_2-CPU-Noise,tenant-ntk,tenant-ntk,1.0,0.0,10
disk,io_total_3-Memory-Noise,tenant-cpu,tenant-cpu,1.0,0.0,10
disk,io_total_3-Memory-Noise,tenant-cpu,tenant-dsk,0.21278825647299252,0.1050935156885236,10
disk,io_total_3-Memory-Noise,tenant-cpu,tenant-mem,0.2078014352617558,0.08050040345722709,10
disk,io_total_3-Memory-Noise,tenant-cpu,tenant-nsy,0.20003779890148454,0.09136722623869917,10
disk,io_total_3-Memory-Noise,tenant-cpu,tenant-ntk,0.16471912652035034,0.09852495498360936,10
disk,io_total_3-Memory-Noise,tenant-dsk,tenant-cpu,0.21278825647299252,0.1050935156885236,10
disk,io_total_3-Memory-Noise,tenant-dsk,tenant-dsk,1.0,0.0,10
disk,io_total_3-Memory-Noise,tenant-dsk,tenant-mem,0.1724992271218067,0.07317112788132184,10
disk,io_total_3-Memory-Noise,tenant-dsk,tenant-nsy,0.2022902843085843,0.10898606202544328,10
disk,io_total_3-Memory-Noise,tenant-dsk,tenant-ntk,0.18673743259883335,0.12925047797123246,10
disk,io_total_3-Memory-Noise,tenant-mem,tenant-cpu,0.2078014352617558,0.08050040345722709,10
disk,io_total_3-Memory-Noise,tenant-mem,tenant-dsk,0.1724992271218067,0.07317112788132184,10
disk,io_total_3-Memory-Noise,tenant-mem,tenant-mem,1.0,0.0,10
disk,io_total_3-Memory-Noise,tenant-mem,tenant-nsy,0.16067193000397748,0.11102378195181216,10
disk,io_total_3-Memory-Noise,tenant-mem,tenant-ntk,0.21060099238227167,0.08577538987684126,10
disk,io_total_3-Memory-Noise,tenant-nsy,tenant-cpu,0.20003779890148454,0.09136722623869917,10
disk,io_total_3-Memory-Noise,tenant-nsy,tenant-dsk,0.2022902843085843,0.10898606202544328,10
disk,io_total_3-Memory-Noise,tenant-nsy,tenant-mem,0.16067193000397748,0.11102378195181216,10
disk,io_total_3-Memory-Noise,tenant-nsy,tenant-nsy,1.0,0.0,10
disk,io_total_3-Memory-Noise,tenant-nsy,tenant-ntk,0.15174588164707165,0.0796972000748694,10
disk,io_total_3-Memory-Noise,tenant-ntk,tenant-cpu,0.16471912652035034,0.09852495498360936,10
disk,io_total_3-Memory-Noise,tenant-ntk,tenant-dsk,0.18673743259883335,0.12925047797123246,10
disk,io_total_3-Memory-Noise,tenant-ntk,tenant-mem,0.21060099238227167,0.08577538987684126,10
disk,io_total_3-Memory-Noise,tenant-ntk,tenant-nsy,0.15174588164707165,0.0796972000748694,10
disk,io_total_3-Memory-Noise,tenant-ntk,tenant-ntk,1.0,0.0,10
disk,io_total_4-Network-Noise,tenant-cpu,tenant-cpu,1.0,0.0,10
disk,io_total_4-Network-Noise,tenant-cpu,tenant-dsk,0.1969417035759916,0.12348678618571876,10
disk,io_total_4-Network-Noise,tenant-cpu,tenant-mem,0.25684317328824696,0.12805623923230955,10
disk,io_total_4-Network-Noise,tenant-cpu,tenant-nsy,0.26879563411216234,0.14313811331743514,10
disk,io_total_4-Network-Noise,tenant-cpu,tenant-ntk,0.2542418088200967,0.12075207128252688,10
disk,io_total_4-Network-Noise,tenant-dsk,tenant-cpu,0.1969417035759916,0.12348678618571876,10
disk,io_total_4-Network-Noise,tenant-dsk,tenant-dsk,1.0,0.0,10
disk,io_total_4-Network-Noise,tenant-dsk,tenant-mem,0.20459352106294518,0.04975821296133871,10
disk,io_total_4-Network-Noise,tenant-dsk,tenant-nsy,0.22650798853006032,0.09331780207429083,10
disk,io_total_4-Network-Noise,tenant-dsk,tenant-ntk,0.23728998178887434,0.09650430800122091,10
disk,io_total_4-Network-Noise,tenant-mem,tenant-cpu,0.25684317328824696,0.12805623923230955,10
disk,io_total_4-Network-Noise,tenant-mem,tenant-dsk,0.20459352106294518,0.04975821296133871,10
disk,io_total_4-Network-Noise,tenant-mem,tenant-mem,1.0,0.0,10
disk,io_total_4-Network-Noise,tenant-mem,tenant-nsy,0.2003576775335032,0.09969372624760928,10
disk,io_total_4-Network-Noise,tenant-mem,tenant-ntk,0.20654616905077977,0.15523543520786542,10
disk,io_total_4-Network-Noise,tenant-nsy,tenant-cpu,0.26879563411216234,0.14313811331743514,10
disk,io_total_4-Network-Noise,tenant-nsy,tenant-dsk,0.22650798853006032,0.09331780207429083,10
disk,io_total_4-Network-Noise,tenant-nsy,tenant-mem,0.2003576775335032,0.09969372624760928,10
disk,io_total_4-Network-Noise,tenant-nsy,tenant-nsy,1.0,0.0,10
disk,io_total_4-Network-Noise,tenant-nsy,tenant-ntk,0.22370091085198562,0.11618014423892613,10
disk,io_total_4-Network-Noise,tenant-ntk,tenant-cpu,0.2542418088200967,0.12075207128252688,10
disk,io_total_4-Network-Noise,tenant-ntk,tenant-dsk,0.23728998178887434,0.09650430800122091,10
disk,io_total_4-Network-Noise,tenant-ntk,tenant-mem,0.20654616905077977,0.15523543520786542,10
disk,io_total_4-Network-Noise,tenant-ntk,tenant-nsy,0.22370091085198562,0.11618014423892613,10
disk,io_total_4-Network-Noise,tenant-ntk,tenant-ntk,1.0,0.0,10
disk,io_total_5-Disk-Noise,tenant-cpu,tenant-cpu,1.0,0.0,10
disk,io_total_5-Disk-Noise,tenant-cpu,tenant-dsk,0.10793162932267139,0.27642555272559877,10
disk,io_total_5-Disk-Noise,tenant-cpu,tenant-mem,0.2854752422538397,0.18158852328332115,10
disk,io_total_5-Disk-Noise,tenant-cpu,tenant-nsy,0.0868730343069914,0.24613228195974843,10
disk,io_total_5-Disk-Noise,tenant-cpu,tenant-ntk,0.2632853811126691,0.11542916253801978,10
disk,io_total_5-Disk-Noise,tenant-dsk,tenant-cpu,0.10793162932267139,0.27642555272559877,10
disk,io_total_5-Disk-Noise,tenant-dsk,tenant-dsk,1.0,0.0,10
disk,io_total_5-Disk-Noise,tenant-dsk,tenant-mem,0.052459765145881944,0.12360754424836512,10
disk,io_total_5-Disk-Noise,tenant-dsk,tenant-nsy,0.6641810034425474,0.17848216222019378,10
disk,io_total_5-Disk-Noise,tenant-dsk,tenant-ntk,-0.047303990432669085,0.16629913571822744,10
disk,io_total_5-Disk-Noise,tenant-mem,tenant-cpu,0.2854752422538397,0.18158852328332115,10
disk,io_total_5-Disk-Noise,tenant-mem,tenant-dsk,0.052459765145881944,0.12360754424836512,10
disk,io_total_5-Disk-Noise,tenant-mem,tenant-mem,1.0,0.0,10
disk,io_total_5-Disk-Noise,tenant-mem,tenant-nsy,0.01096121791380929,0.11998776511976292,10
disk,io_total_5-Disk-Noise,tenant-mem,tenant-ntk,0.2348139697151767,0.13063422335154623,10
disk,io_total_5-Disk-Noise,tenant-nsy,tenant-cpu,0.0868730343069914,0.24613228195974843,10
disk,io_total_5-Disk-Noise,tenant-nsy,tenant-dsk,0.6641810034425474,0.17848216222019378,10
disk,io_total_5-Disk-Noise,tenant-nsy,tenant-mem,0.01096121791380929,0.11998776511976292,10
disk,io_total_5-Disk-Noise,tenant-nsy,tenant-nsy,1.0,0.0,10
disk,io_total_5-Disk-Noise,tenant-nsy,tenant-ntk,-0.011522735766266546,0.1507689223657608,10
disk,io_total_5-Disk-Noise,tenant-ntk,tenant-cpu,0.2632853811126691,0.11542916253801978,10
disk,io_total_5-Disk-Noise,tenant-ntk,tenant-dsk,-0.047303990432669085,0.16629913571822744,10
disk,io_total_5-Disk-Noise,tenant-ntk,tenant-mem,0.2348139697151767,0.13063422335154623,10
disk,io_total_5-Disk-Noise,tenant-ntk,tenant-nsy,-0.011522735766266546,0.1507689223657608,10
disk,io_total_5-Disk-Noise,tenant-ntk,tenant-ntk,1.0,0.0,10
disk,io_total_6-Combined-Noise,tenant-cpu,tenant-cpu,1.0,0.0,10
disk,io_total_6-Combined-Noise,tenant-cpu,tenant-dsk,0.11039601681062053,0.2251536676350236,10
disk,io_total_6-Combined-Noise,tenant-cpu,tenant-mem,0.26712351120527894,0.18006554688688275,10
disk,io_total_6-Combined-Noise,tenant-cpu,tenant-nsy,0.12326568960813797,0.17176139987721786,10
disk,io_total_6-Combined-Noise,tenant-cpu,tenant-ntk,0.2778953932977447,0.1735195535561744,10
disk,io_total_6-Combined-Noise,tenant-dsk,tenant-cpu,0.11039601681062053,0.2251536676350236,10
disk,io_total_6-Combined-Noise,tenant-dsk,tenant-dsk,1.0,0.0,10
disk,io_total_6-Combined-Noise,tenant-dsk,tenant-mem,0.15916218287953304,0.10927156493334297,10
disk,io_total_6-Combined-Noise,tenant-dsk,tenant-nsy,0.5712765271833894,0.10209014181169991,10
disk,io_total_6-Combined-Noise,tenant-dsk,tenant-ntk,0.1901545332039997,0.13900192893385768,10
disk,io_total_6-Combined-Noise,tenant-mem,tenant-cpu,0.26712351120527894,0.18006554688688275,10
disk,io_total_6-Combined-Noise,tenant-mem,tenant-dsk,0.15916218287953304,0.10927156493334297,10
disk,io_total_6-Combined-Noise,tenant-mem,tenant-mem,1.0,0.0,10
disk,io_total_6-Combined-Noise,tenant-mem,tenant-nsy,0.12804315330387894,0.08675518980695726,10
disk,io_total_6-Combined-Noise,tenant-mem,tenant-ntk,0.20806787693430326,0.2377149328605703,10
disk,io_total_6-Combined-Noise,tenant-nsy,tenant-cpu,0.12326568960813797,0.17176139987721786,10
disk,io_total_6-Combined-Noise,tenant-nsy,tenant-dsk,0.5712765271833894,0.10209014181169991,10
disk,io_total_6-Combined-Noise,tenant-nsy,tenant-mem,0.12804315330387894,0.08675518980695726,10
disk,io_total_6-Combined-Noise,tenant-nsy,tenant-nsy,1.0,0.0,10
disk,io_total_6-Combined-Noise,tenant-nsy,tenant-ntk,0.1280134893144614,0.13929226722791915,10
disk,io_total_6-Combined-Noise,tenant-ntk,tenant-cpu,0.2778953932977447,0.1735195535561744,10
disk,io_total_6-Combined-Noise,tenant-ntk,tenant-dsk,0.1901545332039997,0.13900192893385768,10
disk,io_total_6-Combined-Noise,tenant-ntk,tenant-mem,0.20806787693430326,0.2377149328605703,10
disk,io_total_6-Combined-Noise,tenant-ntk,tenant-nsy,0.1280134893144614,0.13929226722791915,10
disk,io_total_6-Combined-Noise,tenant-ntk,tenant-ntk,1.0,0.0,10
disk,io_total_7-Recovery,tenant-cpu,tenant-cpu,1.0,0.0,10
disk,io_total_7-Recovery,tenant-cpu,tenant-dsk,0.17413391482429266,0.13528876110289306,10
disk,io_total_7-Recovery,tenant-cpu,tenant-mem,0.24002590242915614,0.1722228946214919,10
disk,io_total_7-Recovery,tenant-cpu,tenant-nsy,0.0022248242314392708,0.25344978687680403,10
disk,io_total_7-Recovery,tenant-cpu,tenant-ntk,0.2319932330699923,0.2014947944832537,10
disk,io_total_7-Recovery,tenant-dsk,tenant-cpu,0.17413391482429266,0.13528876110289306,10
disk,io_total_7-Recovery,tenant-dsk,tenant-dsk,1.0,0.0,10
disk,io_total_7-Recovery,tenant-dsk,tenant-mem,0.19699628300337962,0.21352481359623265,10
disk,io_total_7-Recovery,tenant-dsk,tenant-nsy,-0.3962334395280959,0.15296709682206755,10
disk,io_total_7-Recovery,tenant-dsk,tenant-ntk,0.16542795167791774,0.19653480470089454,10
disk,io_total_7-Recovery,tenant-mem,tenant-cpu,0.24002590242915614,0.1722228946214919,10
disk,io_total_7-Recovery,tenant-mem,tenant-dsk,0.19699628300337962,0.21352481359623265,10
disk,io_total_7-Recovery,tenant-mem,tenant-mem,1.0,0.0,10
disk,io_total_7-Recovery,tenant-mem,tenant-nsy,-0.012674332984122355,0.2439520630752093,10
disk,io_total_7-Recovery,tenant-mem,tenant-ntk,0.23402381544771028,0.11479163769414286,10
disk,io_total_7-Recovery,tenant-nsy,tenant-cpu,0.0022248242314392708,0.25344978687680403,10
disk,io_total_7-Recovery,tenant-nsy,tenant-dsk,-0.3962334395280959,0.15296709682206755,10
disk,io_total_7-Recovery,tenant-nsy,tenant-mem,-0.012674332984122355,0.2439520630752093,10
disk,io_total_7-Recovery,tenant-nsy,tenant-nsy,1.0,0.0,10
disk,io_total_7-Recovery,tenant-nsy,tenant-ntk,0.032920659211382396,0.23313193727640055,10
disk,io_total_7-Recovery,tenant-ntk,tenant-cpu,0.2319932330699923,0.2014947944832537,10
disk,io_total_7-Recovery,tenant-ntk,tenant-dsk,0.16542795167791774,0.19653480470089454,10
disk,io_total_7-Recovery,tenant-ntk,tenant-mem,0.23402381544771028,0.11479163769414286,10
disk,io_total_7-Recovery,tenant-ntk,tenant-nsy,0.032920659211382396,0.23313193727640055,10
disk,io_total_7-Recovery,tenant-ntk,tenant-ntk,1.0,0.0,10
memory,usage_1-Baseline,tenant-cpu,tenant-cpu,1.0,0.0,10
memory,usage_1-Baseline,tenant-cpu,tenant-dsk,0.0008945212295736304,0.10710755864630499,10
memory,usage_1-Baseline,tenant-cpu,tenant-mem,0.040015251756265226,0.07667295913730869,10
memory,usage_1-Baseline,tenant-cpu,tenant-ntk,-0.01656826461060511,0.09280321155621121,10
memory,usage_1-Baseline,tenant-dsk,tenant-cpu,0.0008945212295736304,0.10710755864630499,10
memory,usage_1-Baseline,tenant-dsk,tenant-dsk,1.0,0.0,10
memory,usage_1-Baseline,tenant-dsk,tenant-mem,0.04629090273999857,0.08060688007337656,10
memory,usage_1-Baseline,tenant-dsk,tenant-ntk,0.04312795421105628,0.12354527505395568,10
memory,usage_1-Baseline,tenant-mem,tenant-cpu,0.040015251756265226,0.07667295913730869,10
memory,usage_1-Baseline,tenant-mem,tenant-dsk,0.04629090273999857,0.08060688007337656,10
memory,usage_1-Baseline,tenant-mem,tenant-mem,1.0,0.0,10
memory,usage_1-Baseline,tenant-mem,tenant-ntk,0.0025762692484099237,0.09828119295655316,10
memory,usage_1-Baseline,tenant-ntk,tenant-cpu,-0.01656826461060511,0.09280321155621121,10
memory,usage_1-Baseline,tenant-ntk,tenant-dsk,0.04312795421105628,0.12354527505395568,10
memory,usage_1-Baseline,tenant-ntk,tenant-mem,0.0025762692484099237,0.09828119295655316,10
memory,usage_1-Baseline,tenant-ntk,tenant-ntk,1.0,0.0,10
memory,usage_2-CPU-Noise,tenant-cpu,tenant-cpu,1.0,0.0,10
memory,usage_2-CPU-Noise,tenant-cpu,tenant-dsk,-0.008110976092485518,0.12445149898944798,10
memory,usage_2-CPU-Noise,tenant-cpu,tenant-mem,0.017093080191208577,0.12095167725810992,10
memory,usage_2-CPU-Noise,tenant-cpu,tenant-nsy,0.05652205266478323,0.13510514499893017,10
memory,usage_2-CPU-Noise,tenant-cpu,tenant-ntk,0.06681306001890287,0.06088783921484273,10
memory,usage_2-CPU-Noise,tenant-dsk,tenant-cpu,-0.008110976092485518,0.12445149898944798,10
memory,usage_2-CPU-Noise,tenant-dsk,tenant-dsk,1.0,0.0,10
memory,usage_2-CPU-Noise,tenant-dsk,tenant-mem,-0.044834710221991134,0.07174362084788538,10
memory,usage_2-CPU-Noise,tenant-dsk,tenant-nsy,0.022084614380763472,0.09499553302987594,10
memory,usage_2-CPU-Noise,tenant-dsk,tenant-ntk,-0.027531053733228793,0.09962849668690972,10
memory,usage_2-CPU-Noise,tenant-mem,tenant-cpu,0.017093080191208577,0.12095167725810992,10
memory,usage_2-CPU-Noise,tenant-mem,tenant-dsk,-0.044834710221991134,0.07174362084788538,10
memory,usage_2-CPU-Noise,tenant-mem,tenant-mem,1.0,0.0,10
memory,usage_2-CPU-Noise,tenant-mem,tenant-nsy,0.025884176215664377,0.07159887725380343,10
memory,usage_2-CPU-Noise,tenant-mem,tenant-ntk,-0.0014845190713108302,0.06395860547043664,10
memory,usage_2-CPU-Noise,tenant-nsy,tenant-cpu,0.05652205266478323,0.13510514499893017,10
memory,usage_2-CPU-Noise,tenant-nsy,tenant-dsk,0.022084614380763472,0.09499553302987594,10
memory,usage_2-CPU-Noise,tenant-nsy,tenant-mem,0.025884176215664377,0.07159887725380343,10
memory,usage_2-CPU-Noise,tenant-nsy,tenant-nsy,1.0,0.0,10
memory,usage_2-CPU-Noise,tenant-nsy,tenant-ntk,-0.04115344827167123,0.07793057242418937,10
memory,usage_2-CPU-Noise,tenant-ntk,tenant-cpu,0.06681306001890287,0.06088783921484273,10
memory,usage_2-CPU-Noise,tenant-ntk,tenant-dsk,-0.027531053733228793,0.09962849668690972,10
memory,usage_2-CPU-Noise,tenant-ntk,tenant-mem,-0.0014845190713108302,0.06395860547043664,10
memory,usage_2-CPU-Noise,tenant-ntk,tenant-nsy,-0.04115344827167123,0.07793057242418937,10
memory,usage_2-CPU-Noise,tenant-ntk,tenant-ntk,1.0,0.0,10
memory,usage_3-Memory-Noise,tenant-cpu,tenant-cpu,1.0,0.0,10
memory,usage_3-Memory-Noise,tenant-cpu,tenant-dsk,-0.024789036762808057,0.11759247258353613,10
memory,usage_3-Memory-Noise,tenant-cpu,tenant-mem,0.02151414376120354,0.10015990617238701,10
memory,usage_3-Memory-Noise,tenant-cpu,tenant-nsy,0.0037111321079571573,0.154932765939897,10
memory,usage_3-Memory-Noise,tenant-cpu,tenant-ntk,0.07319969967465746,0.09240951270303313,10
memory,usage_3-Memory-Noise,tenant-dsk,tenant-cpu,-0.024789036762808057,0.11759247258353613,10
memory,usage_3-Memory-Noise,tenant-dsk,tenant-dsk,1.0,0.0,10
memory,usage_3-Memory-Noise,tenant-dsk,tenant-mem,0.055995452182977745,0.12315549404747198,10
memory,usage_3-Memory-Noise,tenant-dsk,tenant-nsy,-0.02054206490576827,0.08895623569948712,10
memory,usage_3-Memory-Noise,tenant-dsk,tenant-ntk,-0.009910438910626452,0.08096739795012388,10
memory,usage_3-Memory-Noise,tenant-mem,tenant-cpu,0.02151414376120354,0.10015990617238701,10
memory,usage_3-Memory-Noise,tenant-mem,tenant-dsk,0.055995452182977745,0.12315549404747198,10
memory,usage_3-Memory-Noise,tenant-mem,tenant-mem,1.0,0.0,10
memory,usage_3-Memory-Noise,tenant-mem,tenant-nsy,-0.01482270241478233,0.08723030241217708,10
memory,usage_3-Memory-Noise,tenant-mem,tenant-ntk,0.06316201561574739,0.12884591732377318,10
memory,usage_3-Memory-Noise,tenant-nsy,tenant-cpu,0.0037111321079571573,0.154932765939897,10
memory,usage_3-Memory-Noise,tenant-nsy,tenant-dsk,-0.02054206490576827,0.08895623569948712,10
memory,usage_3-Memory-Noise,tenant-nsy,tenant-mem,-0.01482270241478233,0.08723030241217708,10
memory,usage_3-Memory-Noise,tenant-nsy,tenant-nsy,1.0,0.0,10
memory,usage_3-Memory-Noise,tenant-nsy,tenant-ntk,0.026531666504291517,0.11727305207419161,10
memory,usage_3-Memory-Noise,tenant-ntk,tenant-cpu,0.07319969967465746,0.09240951270303313,10
memory,usage_3-Memory-Noise,tenant-ntk,tenant-dsk,-0.009910438910626452,0.08096739795012388,10
memory,usage_3-Memory-Noise,tenant-ntk,tenant-mem,0.06316201561574739,0.12884591732377318,10
memory,usage_3-Memory-Noise,tenant-ntk,tenant-nsy,0.026531666504291517,0.11727305207419161,10
memory,usage_3-Memory-Noise,tenant-ntk,tenant-ntk,1.0,0.0,10
memory,usage_4-Network-Noise,tenant-cpu,tenant-cpu,1.0,0.0,10
memory,usage_4-Network-Noise,tenant-cpu,tenant-dsk,-0.013118516752364928,0.12442306826468114,10
memory,usage_4-Network-Noise,tenant-cpu,tenant-mem,0.034750823958021884,0.08985350748333006,10
memory,usage_4-Network-Noise,tenant-cpu,tenant-nsy,0.04038715562767835,0.1008327361125317,10
memory,usage_4-Network-Noise,tenant-cpu,tenant-ntk,0.01515901106503012,0.09260076082754848,10
memory,usage_4-Network-Noise,tenant-dsk,tenant-cpu,-0.013118516752364928,0.12442306826468114,10
memory,usage_4-Network-Noise,tenant-dsk,tenant-dsk,1.0,0.0,10
memory,usage_4-Network-Noise,tenant-dsk,tenant-mem,0.0027583073771974497,0.1044588844269731,10
memory,usage_4-Network-Noise,tenant-dsk,tenant-nsy,-0.05244635432406354,0.07724140036279525,10
memory,usage_4-Network-Noise,tenant-dsk,tenant-ntk,-0.0647494509310907,0.1018751805414633,10
memory,usage_4-Network-Noise,tenant-mem,tenant-cpu,0.034750823958021884,0.08985350748333006,10
memory,usage_4-Network-Noise,tenant-mem,tenant-dsk,0.0027583073771974497,0.1044588844269731,10
memory,usage_4-Network-Noise,tenant-mem,tenant-mem,1.0,0.0,10
memory,usage_4-Network-Noise,tenant-mem,tenant-nsy,0.04459070085305294,0.08624133190176936,10
memory,usage_4-Network-Noise,tenant-mem,tenant-ntk,0.013012762282655502,0.09566127553164908,10
memory,usage_4-Network-Noise,tenant-nsy,tenant-cpu,0.04038715562767835,0.1008327361125317,10
memory,usage_4-Network-Noise,tenant-nsy,tenant-dsk,-0.05244635432406354,0.07724140036279525,10
memory,usage_4-Network-Noise,tenant-nsy,tenant-mem,0.04459070085305294,0.08624133190176936,10
memory,usage_4-Network-Noise,tenant-nsy,tenant-nsy,1.0,0.0,10
memory,usage_4-Network-Noise,tenant-nsy,tenant-ntk,-0.00858695825047809,0.10740432508265033,10
memory,usage_4-Network-Noise,tenant-ntk,tenant-cpu,0.01515901106503012,0.09260076082754848,10
memory,usage_4-Network-Noise,tenant-ntk,tenant-dsk,-0.0647494509310907,0.1018751805414633,10
memory,usage_4-Network-Noise,tenant-ntk,tenant-mem,0.013012762282655502,0.09566127553164908,10
memory,usage_4-Network-Noise,tenant-ntk,tenant-nsy,-0.00858695825047809,0.10740432508265033,10
memory,usage_4-Network-Noise,tenant-ntk,tenant-ntk,1.0,0.0,10
memory,usage_5-Disk-Noise,tenant-cpu,tenant-cpu,1.0,0.0,10
memory,usage_5-Disk-Noise,tenant-cpu,tenant-dsk,-0.04028828456074295,0.07650049415035777,10
memory,usage_5-Disk-Noise,tenant-cpu,tenant-mem,0.05056272724156041,0.12886800868648363,10
memory,usage_5-Disk-Noise,tenant-cpu,tenant-nsy,-0.022175280882409297,0.10286654208703196,10
memory,usage_5-Disk-Noise,tenant-cpu,tenant-ntk,-0.018768624601189325,0.13746551568145096,10
memory,usage_5-Disk-Noise,tenant-dsk,tenant-cpu,-0.04028828456074295,0.07650049415035777,10
memory,usage_5-Disk-Noise,tenant-dsk,tenant-dsk,1.0,0.0,10
memory,usage_5-Disk-Noise,tenant-dsk,tenant-mem,0.00948659173175613,0.059556794750476955,10
memory,usage_5-Disk-Noise,tenant-dsk,tenant-nsy,0.05221374680511015,0.11751890815007825,10
memory,usage_5-Disk-Noise,tenant-dsk,tenant-ntk,-0.0031510151597690093,0.12033494479418679,10
memory,usage_5-Disk-Noise,tenant-mem,tenant-cpu,0.05056272724156041,0.12886800868648363,10
memory,usage_5-Disk-Noise,tenant-mem,tenant-dsk,0.00948659173175613,0.059556794750476955,10
memory,usage_5-Disk-Noise,tenant-mem,tenant-mem,1.0,0.0,10
memory,usage_5-Disk-Noise,tenant-mem,tenant-nsy,0.028126201005818863,0.06906111002390779,10
memory,usage_5-Disk-Noise,tenant-mem,tenant-ntk,0.06070145551859376,0.06820421706824889,10
memory,usage_5-Disk-Noise,tenant-nsy,tenant-cpu,-0.022175280882409297,0.10286654208703196,10
memory,usage_5-Disk-Noise,tenant-nsy,tenant-dsk,0.05221374680511015,0.11751890815007825,10
memory,usage_5-Disk-Noise,tenant-nsy,tenant-mem,0.028126201005818863,0.06906111002390779,10
memory,usage_5-Disk-Noise,tenant-nsy,tenant-nsy,1.0,0.0,10
memory,usage_5-Disk-Noise,tenant-nsy,tenant-ntk,-0.00819324912523269,0.09328294161433219,10
memory,usage_5-Disk-Noise,tenant-ntk,tenant-cpu,-0.018768624601189325,0.13746551568145096,10
memory,usage_5-Disk-Noise,tenant-ntk,tenant-dsk,-0.0031510151597690093,0.12033494479418679,10
memory,usage_5-Disk-Noise,tenant-ntk,tenant-mem,0.06070145551859376,0.06820421706824889,10
memory,usage_5-Disk-Noise,tenant-ntk,tenant-nsy,-0.00819324912523269,0.09328294161433219,10
memory,usage_5-Disk-Noise,tenant-ntk,tenant-ntk,1.0,0.0,10
memory,usage_6-Combined-Noise,tenant-cpu,tenant-cpu,1.0,0.0,10
memory,usage_6-Combined-Noise,tenant-cpu,tenant-dsk,0.004144340103957781,0.16360658897198577,10
memory,usage_6-Combined-Noise,tenant-cpu,tenant-mem,0.03645667093510397,0.0859241643697433,10
memory,usage_6-Combined-Noise,tenant-cpu,tenant-nsy,-0.028309266933575317,0.1264956376799353,10
memory,usage_6-Combined-Noise,tenant-cpu,tenant-ntk,0.02235732906730304,0.15686969700559697,10
memory,usage_6-Combined-Noise,tenant-dsk,tenant-cpu,0.004144340103957781,0.16360658897198577,10
memory,usage_6-Combined-Noise,tenant-dsk,tenant-dsk,1.0,0.0,10
memory,usage_6-Combined-Noise,tenant-dsk,tenant-mem,0.015117668719763045,0.13402346551222752,10
memory,usage_6-Combined-Noise,tenant-dsk,tenant-nsy,0.11658176679665733,0.13555300724889083,10
memory,usage_6-Combined-Noise,tenant-dsk,tenant-ntk,-0.002933252547679599,0.0914422327787624,10
memory,usage_6-Combined-Noise,tenant-mem,tenant-cpu,0.03645667093510397,0.0859241643697433,10
memory,usage_6-Combined-Noise,tenant-mem,tenant-dsk,0.015117668719763045,0.13402346551222752,10
memory,usage_6-Combined-Noise,tenant-mem,tenant-mem,1.0,0.0,10
memory,usage_6-Combined-Noise,tenant-mem,tenant-nsy,-0.02984465176677741,0.123763701411184,10
memory,usage_6-Combined-Noise,tenant-mem,tenant-ntk,-0.007104546424192689,0.09024574638033013,10
memory,usage_6-Combined-Noise,tenant-nsy,tenant-cpu,-0.028309266933575317,0.1264956376799353,10
memory,usage_6-Combined-Noise,tenant-nsy,tenant-dsk,0.11658176679665733,0.13555300724889083,10
memory,usage_6-Combined-Noise,tenant-nsy,tenant-mem,-0.02984465176677741,0.123763701411184,10
memory,usage_6-Combined-Noise,tenant-nsy,tenant-nsy,1.0,0.0,10
memory,usage_6-Combined-Noise,tenant-nsy,tenant-ntk,0.02191852394459299,0.11778613771652377,10
memory,usage_6-Combined-Noise,tenant-ntk,tenant-cpu,0.02235732906730304,0.15686969700559697,10
memory,usage_6-Combined-Noise,tenant-ntk,tenant-dsk,-0.002933252547679599,0.0914422327787624,10
memory,usage_6-Combined-Noise,tenant-ntk,tenant-mem,-0.007104546424192689,0.09024574638033013,10
memory,usage_6-Combined-Noise,tenant-ntk,tenant-nsy,0.02191852394459299,0.11778613771652377,10
memory,usage_6-Combined-Noise,tenant-ntk,tenant-ntk,1.0,0.0,10
memory,usage_7-Recovery,tenant-cpu,tenant-cpu,1.0,0.0,10
memory,usage_7-Recovery,tenant-cpu,tenant-dsk,0.06829642217409368,0.1376668233608273,10
memory,usage_7-Recovery,tenant-cpu,tenant-mem,0.05089731577262019,0.12228977481929784,10
memory,usage_7-Recovery,tenant-cpu,tenant-nsy,-0.08247809527701624,0.10885368094710259,10
memory,usage_7-Recovery,tenant-cpu,tenant-ntk,0.007214457051359849,0.07830802059011101,10
memory,usage_7-Recovery,tenant-dsk,tenant-cpu,0.06829642217409368,0.1376668233608273,10
memory,usage_7-Recovery,tenant-dsk,tenant-dsk,1.0,0.0,10
memory,usage_7-Recovery,tenant-dsk,tenant-mem,-0.005032884496079188,0.10785774616970042,10
memory,usage_7-Recovery,tenant-dsk,tenant-nsy,-0.007726910293877731,0.08349552570470906,10
memory,usage_7-Recovery,tenant-dsk,tenant-ntk,-0.0023074609234461016,0.09853500093909615,10
memory,usage_7-Recovery,tenant-mem,tenant-cpu,0.05089731577262019,0.12228977481929784,10
memory,usage_7-Recovery,tenant-mem,tenant-dsk,-0.005032884496079188,0.10785774616970042,10
memory,usage_7-Recovery,tenant-mem,tenant-mem,1.0,0.0,10
memory,usage_7-Recovery,tenant-mem,tenant-nsy,-0.009570163148276637,0.13303018757735416,10
memory,usage_7-Recovery,tenant-mem,tenant-ntk,-0.01807008294685883,0.10908604037464943,10
memory,usage_7-Recovery,tenant-nsy,tenant-cpu,-0.08247809527701624,0.10885368094710259,10
memory,usage_7-Recovery,tenant-nsy,tenant-dsk,-0.007726910293877731,0.08349552570470906,10
memory,usage_7-Recovery,tenant-nsy,tenant-mem,-0.009570163148276637,0.13303018757735416,10
memory,usage_7-Recovery,tenant-nsy,tenant-nsy,1.0,0.0,10
memory,usage_7-Recovery,tenant-nsy,tenant-ntk,0.00877471703379319,0.07950563365912486,10
memory,usage_7-Recovery,tenant-ntk,tenant-cpu,0.007214457051359849,0.07830802059011101,10
memory,usage_7-Recovery,tenant-ntk,tenant-dsk,-0.0023074609234461016,0.09853500093909615,10
memory,usage_7-Recovery,tenant-ntk,tenant-mem,-0.01807008294685883,0.10908604037464943,10
memory,usage_7-Recovery,tenant-ntk,tenant-nsy,0.00877471703379319,0.07950563365912486,10
memory,usage_7-Recovery,tenant-ntk,tenant-ntk,1.0,0.0,10
network,throughput_1-Baseline,tenant-cpu,tenant-cpu,1.0,0.0,8
network,throughput_1-Baseline,tenant-cpu,tenant-dsk,0.46065430478856,0.11380175945685864,8
network,throughput_1-Baseline,tenant-cpu,tenant-mem,0.37829653785720496,0.11881717580244013,8
network,throughput_1-Baseline,tenant-cpu,tenant-ntk,0.07174969096933258,0.0889042649260708,8
network,throughput_1-Baseline,tenant-dsk,tenant-cpu,0.46065430478856,0.11380175945685864,8
network,throughput_1-Baseline,tenant-dsk,tenant-dsk,1.0,0.0,8
network,throughput_1-Baseline,tenant-dsk,tenant-mem,0.45971878111776027,0.10763815910650273,8
network,throughput_1-Baseline,tenant-dsk,tenant-ntk,-0.024764141111325112,0.10934816432628927,8
network,throughput_1-Baseline,tenant-mem,tenant-cpu,0.37829653785720496,0.11881717580244013,8
network,throughput_1-Baseline,tenant-mem,tenant-dsk,0.45971878111776027,0.10763815910650273,8
network,throughput_1-Baseline,tenant-mem,tenant-mem,1.0,0.0,8
network,throughput_1-Baseline,tenant-mem,tenant-ntk,0.012840980741813366,0.13107840836063778,8
network,throughput_1-Baseline,tenant-ntk,tenant-cpu,0.07174969096933258,0.0889042649260708,8
network,throughput_1-Baseline,tenant-ntk,tenant-dsk,-0.024764141111325112,0.10934816432628927,8
network,throughput_1-Baseline,tenant-ntk,tenant-mem,0.012840980741813366,0.13107840836063778,8
network,throughput_1-Baseline,tenant-ntk,tenant-ntk,1.0,0.0,8
network,throughput_2-CPU-Noise,tenant-cpu,tenant-cpu,1.0,0.0,8
network,throughput_2-CPU-Noise,tenant-cpu,tenant-dsk,0.17859099994681285,0.08254960673089816,8
network,throughput_2-CPU-Noise,tenant-cpu,tenant-mem,0.23452890663361056,0.07620450917762193,8
network,throughput_2-CPU-Noise,tenant-cpu,tenant-nsy,0.17039558050587972,0.081688780979602,8
network,throughput_2-CPU-Noise,tenant-cpu,tenant-ntk,0.12273220685226698,0.09983700148426684,8
network,throughput_2-CPU-Noise,tenant-dsk,tenant-cpu,0.17859099994681285,0.08254960673089816,8
network,throughput_2-CPU-Noise,tenant-dsk,tenant-dsk,1.0,0.0,8
network,throughput_2-CPU-Noise,tenant-dsk,tenant-mem,0.21148179703197895,0.16509412127248416,8
network,throughput_2-CPU-Noise,tenant-dsk,tenant-nsy,0.20121329371411723,0.10005713754288918,8
network,throughput_2-CPU-Noise,tenant-dsk,tenant-ntk,0.12873759834477538,0.10479461595541825,8
network,throughput_2-CPU-Noise,tenant-mem,tenant-cpu,0.23452890663361056,0.07620450917762193,8
network,throughput_2-CPU-Noise,tenant-mem,tenant-dsk,0.21148179703197895,0.16509412127248416,8
network,throughput_2-CPU-Noise,tenant-mem,tenant-mem,1.0,0.0,8
network,throughput_2-CPU-Noise,tenant-mem,tenant-nsy,0.22776198843268222,0.07088812881598347,8
network,throughput_2-CPU-Noise,tenant-mem,tenant-ntk,0.16903559662570264,0.05642298091320435,8
network,throughput_2-CPU-Noise,tenant-nsy,tenant-cpu,0.17039558050587972,0.081688780979602,8
network,throughput_2-CPU-Noise,tenant-nsy,tenant-dsk,0.20121329371411723,0.10005713754288918,8
network,throughput_2-CPU-Noise,tenant-nsy,tenant-mem,0.22776198843268222,0.07088812881598347,8
network,throughput_2-CPU-Noise,tenant-nsy,tenant-nsy,1.0,0.0,8
network,throughput_2-CPU-Noise,tenant-nsy,tenant-ntk,0.0908180082950597,0.09081554751093644,8
network,throughput_2-CPU-Noise,tenant-ntk,tenant-cpu,0.12273220685226698,0.09983700148426684,8
network,throughput_2-CPU-Noise,tenant-ntk,tenant-dsk,0.12873759834477538,0.10479461595541825,8
network,throughput_2-CPU-Noise,tenant-ntk,tenant-mem,0.16903559662570264,0.05642298091320435,8
network,throughput_2-CPU-Noise,tenant-ntk,tenant-nsy,0.0908180082950597,0.09081554751093644,8
network,throughput_2-CPU-Noise,tenant-ntk,tenant-ntk,1.0,0.0,8
network,throughput_3-Memory-Noise,tenant-cpu,tenant-cpu,1.0,0.0,8
network,throughput_3-Memory-Noise,tenant-cpu,tenant-dsk,0.1871270662492157,0.06970372995672391,8
network,throughput_3-Memory-Noise,tenant-cpu,tenant-mem,0.1862597005819997,0.08592071372092526,8
network,throughput_3-Memory-Noise,tenant-cpu,tenant-nsy,0.20255376345841816,0.11125781387532341,8
network,throughput_3-Memory-Noise,tenant-cpu,tenant-ntk,0.135417860928522,0.1252109951714014,8
network,throughput_3-Memory-Noise,tenant-dsk,tenant-cpu,0.1871270662492157,0.06970372995672391,8
network,throughput_3-Memory-Noise,tenant-dsk,tenant-dsk,1.0,0.0,8
network,throughput_3-Memory-Noise,tenant-dsk,tenant-mem,0.19840052616251475,0.07646667030466624,8
network,throughput_3-Memory-Noise,tenant-dsk,tenant-nsy,0.22759277241901035,0.08570180535042453,8
network,throughput_3-Memory-Noise,tenant-dsk,tenant-ntk,0.11528643190541477,0.08898449742459155,8
network,throughput_3-Memory-Noise,tenant-mem,tenant-cpu,0.1862597005819997,0.08592071372092526,8
network,throughput_3-Memory-Noise,tenant-mem,tenant-dsk,0.19840052616251475,0.07646667030466624,8
network,throughput_3-Memory-Noise,tenant-mem,tenant-mem,1.0,0.0,8
network,throughput_3-Memory-Noise,tenant-mem,tenant-nsy,0.17767838325792712,0.04611112025974122,8
network,throughput_3-Memory-Noise,tenant-mem,tenant-ntk,0.1437308403176151,0.12266646414983244,8
network,throughput_3-Memory-Noise,tenant-nsy,tenant-cpu,0.20255376345841816,0.11125781387532341,8
network,throughput_3-Memory-Noise,tenant-nsy,tenant-dsk,0.22759277241901035,0.08570180535042453,8
network,throughput_3-Memory-Noise,tenant-nsy,tenant-mem,0.17767838325792712,0.04611112025974122,8
network,throughput_3-Memory-Noise,tenant-nsy,tenant-nsy,1.0,0.0,8
network,throughput_3-Memory-Noise,tenant-nsy,tenant-ntk,0.15806758189302633,0.09263225918001568,8
network,throughput_3-Memory-Noise,tenant-ntk,tenant-cpu,0.135417860928522,0.1252109951714014,8
network,throughput_3-Memory-Noise,tenant-ntk,tenant-dsk,0.11528643190541477,0.08898449742459155,8
network,throughput_3-Memory-Noise,tenant-ntk,tenant-mem,0.1437308403176151,0.12266646414983244,8
network,throughput_3-Memory-Noise,tenant-ntk,tenant-nsy,0.15806758189302633,0.09263225918001568,8
network,throughput_3-Memory-Noise,tenant-ntk,tenant-ntk,1.0,0.0,8
network,throughput_4-Network-Noise,tenant-cpu,tenant-cpu,1.0,0.0,8
network,throughput_4-Network-Noise,tenant-cpu,tenant-dsk,0.20448009490342922,0.17982646538500704,8
network,throughput_4-Network-Noise,tenant-cpu,tenant-mem,0.23036543432163367,0.18668706257733172,8
network,throughput_4-Network-Noise,tenant-cpu,tenant-nsy,0.005008684846075136,0.10862870395716535,8
network,throughput_4-Network-Noise,tenant-cpu,tenant-ntk,0.18162283891397193,0.12258242517935007,8
network,throughput_4-Network-Noise,tenant-dsk,tenant-cpu,0.20448009490342922,0.17982646538500704,8
network,throughput_4-Network-Noise,tenant-dsk,tenant-dsk,1.0,0.0,8
network,throughput_4-Network-Noise,tenant-dsk,tenant-mem,0.14277187267435254,0.13659028998154782,8
network,throughput_4-Network-Noise,tenant-dsk,tenant-nsy,-0.026838083013745722,0.0929960560867848,8
network,throughput_4-Network-Noise,tenant-dsk,tenant-ntk,0.18858127958867116,0.09567640112380632,8
network,throughput_4-Network-Noise,tenant-mem,tenant-cpu,0.23036543432163367,0.18668706257733172,8
network,throughput_4-Network-Noise,tenant-mem,tenant-dsk,0.14277187267435254,0.13659028998154782,8
network,throughput_4-Network-Noise,tenant-mem,tenant-mem,1.0,0.0,8
network,throughput_4-Network-Noise,tenant-mem,tenant-nsy,0.100623056963566,0.16428419573255254,8
network,throughput_4-Network-Noise,tenant-mem,tenant-ntk,0.14100030011150763,0.12626991727844936,8
network,throughput_4-Network-Noise,tenant-nsy,tenant-cpu,0.005008684846075136,0.10862870395716535,8
network,throughput_4-Network-Noise,tenant-nsy,tenant-dsk,-0.026838083013745722,0.0929960560867848,8
network,throughput_4-Network-Noise,tenant-nsy,tenant-mem,0.100623056963566,0.16428419573255254,8
network,throughput_4-Network-Noise,tenant-nsy,tenant-nsy,1.0,0.0,8
network,throughput_4-Network-Noise,tenant-nsy,tenant-ntk,0.008443862075053502,0.11188276673886814,8
network,throughput_4-Network-Noise,tenant-ntk,tenant-cpu,0.18162283891397193,0.12258242517935007,8
network,throughput_4-Network-Noise,tenant-ntk,tenant-dsk,0.18858127958867116,0.09567640112380632,8
network,throughput_4-Network-Noise,tenant-ntk,tenant-mem,0.14100030011150763,0.12626991727844936,8
network,throughput_4-Network-Noise,tenant-ntk,tenant-nsy,0.008443862075053502,0.11188276673886814,8
network,throughput_4-Network-Noise,tenant-ntk,tenant-ntk,1.0,0.0,8
network,throughput_5-Disk-Noise,tenant-cpu,tenant-cpu,1.0,0.0,8
network,throughput_5-Disk-Noise,tenant-cpu,tenant-dsk,0.24018766256034413,0.1280780833646846,8
network,throughput_5-Disk-Noise,tenant-cpu,tenant-mem,0.3102773279025012,0.08805669513628207,8
network,throughput_5-Disk-Noise,tenant-cpu,tenant-nsy,0.0452832917896742,0.10001113751243995,8
network,throughput_5-Disk-Noise,tenant-cpu,tenant-ntk,0.09064372747396343,0.10793060927626759,8
network,throughput_5-Disk-Noise,tenant-dsk,tenant-cpu,0.24018766256034413,0.1280780833646846,8
network,throughput_5-Disk-Noise,tenant-dsk,tenant-dsk,1.0,0.0,8
network,throughput_5-Disk-Noise,tenant-dsk,tenant-mem,0.24736322792236803,0.1607964504316807,8
network,throughput_5-Disk-Noise,tenant-dsk,tenant-nsy,-0.012934067999800375,0.0811398067510271,8
network,throughput_5-Disk-Noise,tenant-dsk,tenant-ntk,0.11070353759131017,0.15896682945075136,8
network,throughput_5-Disk-Noise,tenant-mem,tenant-cpu,0.3102773279025012,0.08805669513628207,8
network,throughput_5-Disk-Noise,tenant-mem,tenant-dsk,0.24736322792236803,0.1607964504316807,8
network,throughput_5-Disk-Noise,tenant-mem,tenant-mem,1.0,0.0,8
network,throughput_5-Disk-Noise,tenant-mem,tenant-nsy,0.016393377017127064,0.058982778111892065,8
network,throughput_5-Disk-Noise,tenant-mem,tenant-ntk,0.08552653359659229,0.13257398525092687,8
network,throughput_5-Disk-Noise,tenant-nsy,tenant-cpu,0.0452832917896742,0.10001113751243995,8
network,throughput_5-Disk-Noise,tenant-nsy,tenant-dsk,-0.012934067999800375,0.0811398067510271,8
network,throughput_5-Disk-Noise,tenant-nsy,tenant-mem,0.016393377017127064,0.058982778111892065,8
network,throughput_5-Disk-Noise,tenant-nsy,tenant-nsy,1.0,0.0,8
network,throughput_5-Disk-Noise,tenant-nsy,tenant-ntk,0.044423702341568234,0.1011730760798092,8
network,throughput_5-Disk-Noise,tenant-ntk,tenant-cpu,0.09064372747396343,0.10793060927626759,8
network,throughput_5-Disk-Noise,tenant-ntk,tenant-dsk,0.11070353759131017,0.15896682945075136,8
network,throughput_5-Disk-Noise,tenant-ntk,tenant-mem,0.08552653359659229,0.13257398525092687,8
network,throughput_5-Disk-Noise,tenant-ntk,tenant-nsy,0.044423702341568234,0.1011730760798092,8
network,throughput_5-Disk-Noise,tenant-ntk,tenant-ntk,1.0,0.0,8
network,throughput_6-Combined-Noise,tenant-cpu,tenant-cpu,1.0,0.0,8
network,throughput_6-Combined-Noise,tenant-cpu,tenant-dsk,0.21304519751814047,0.12135532353008131,8
network,throughput_6-Combined-Noise,tenant-cpu,tenant-mem,0.2518756814016781,0.16944454485200067,8
network,throughput_6-Combined-Noise,tenant-cpu,tenant-nsy,-0.1098584768771874,0.1587587760893707,8
network,throughput_6-Combined-Noise,tenant-cpu,tenant-ntk,0.15591698931553577,0.17580172012831544,8
network,throughput_6-Combined-Noise,tenant-dsk,tenant-cpu,0.21304519751814047,0.12135532353008131,8
network,throughput_6-Combined-Noise,tenant-dsk,tenant-dsk,1.0,0.0,8
network,throughput_6-Combined-Noise,tenant-dsk,tenant-mem,0.22505395350260915,0.14159498799388598,8
network,throughput_6-Combined-Noise,tenant-dsk,tenant-nsy,-0.11794775923481049,0.12390298661207005,8
network,throughput_6-Combined-Noise,tenant-dsk,tenant-ntk,0.1628971784255113,0.1501787679633615,8
network,throughput_6-Combined-Noise,tenant-mem,tenant-cpu,0.2518756814016781,0.16944454485200067,8
network,throughput_6-Combined-Noise,tenant-mem,tenant-dsk,0.22505395350260915,0.14159498799388598,8
network,throughput_6-Combined-Noise,tenant-mem,tenant-mem,1.0,0.0,8
network,throughput_6-Combined-Noise,tenant-mem,tenant-nsy,-0.15112967728805538,0.18330958365766428,8
network,throughput_6-Combined-Noise,tenant-mem,tenant-ntk,0.23406200819961817,0.19395708132528985,8
network,throughput_6-Combined-Noise,tenant-nsy,tenant-cpu,-0.1098584768771874,0.1587587760893707,8
network,throughput_6-Combined-Noise,tenant-nsy,tenant-dsk,-0.11794775923481049,0.12390298661207005,8
network,throughput_6-Combined-Noise,tenant-nsy,tenant-mem,-0.15112967728805538,0.18330958365766428,8
network,throughput_6-Combined-Noise,tenant-nsy,tenant-nsy,1.0,0.0,8
network,throughput_6-Combined-Noise,tenant-nsy,tenant-ntk,-0.05961126384600728,0.23767325790056137,8
network,throughput_6-Combined-Noise,tenant-ntk,tenant-cpu,0.15591698931553577,0.17580172012831544,8
network,throughput_6-Combined-Noise,tenant-ntk,tenant-dsk,0.1628971784255113,0.1501787679633615,8
network,throughput_6-Combined-Noise,tenant-ntk,tenant-mem,0.23406200819961817,0.19395708132528985,8
network,throughput_6-Combined-Noise,tenant-ntk,tenant-nsy,-0.05961126384600728,0.23767325790056137,8
network,throughput_6-Combined-Noise,tenant-ntk,tenant-ntk,1.0,0.0,8
network,throughput_7-Recovery,tenant-cpu,tenant-cpu,1.0,0.0,8
network,throughput_7-Recovery,tenant-cpu,tenant-dsk,0.29158562803403604,0.0829332466564085,8
network,throughput_7-Recovery,tenant-cpu,tenant-mem,0.26737961479573263,0.07434732681079267,8
network,throughput_7-Recovery,tenant-cpu,tenant-nsy,-0.12834317083817057,0.16093073091919502,8
network,throughput_7-Recovery,tenant-cpu,tenant-ntk,0.13054546057998823,0.09744562072416614,8
network,throughput_7-Recovery,tenant-dsk,tenant-cpu,0.29158562803403604,0.0829332466564085,8
network,throughput_7-Recovery,tenant-dsk,tenant-dsk,1.0,0.0,8
network,throughput_7-Recovery,tenant-dsk,tenant-mem,0.27291679849151246,0.10104827584875523,8
network,throughput_7-Recovery,tenant-dsk,tenant-nsy,-0.09825234345055407,0.17601215356484862,8
network,throughput_7-Recovery,tenant-dsk,tenant-ntk,0.17365464136942615,0.10924440333390782,8
network,throughput_7-Recovery,tenant-mem,tenant-cpu,0.26737961479573263,0.07434732681079267,8
network,throughput_7-Recovery,tenant-mem,tenant-dsk,0.27291679849151246,0.10104827584875523,8
network,throughput_7-Recovery,tenant-mem,tenant-mem,1.0,0.0,8
network,throughput_7-Recovery,tenant-mem,tenant-nsy,-0.16505613437092484,0.13944894419147283,8
network,throughput_7-Recovery,tenant-mem,tenant-ntk,0.1272683822428318,0.10401269126497943,8
network,throughput_7-Recovery,tenant-nsy,tenant-cpu,-0.12834317083817057,0.16093073091919502,8
network,throughput_7-Recovery,tenant-nsy,tenant-dsk,-0.09825234345055407,0.17601215356484862,8
network,throughput_7-Recovery,tenant-nsy,tenant-mem,-0.16505613437092484,0.13944894419147283,8
network,throughput_7-Recovery,tenant-nsy,tenant-nsy,1.0,0.0,8
network,throughput_7-Recovery,tenant-nsy,tenant-ntk,-1.8560118816013382e-06,0.19215245026889013,8
network,throughput_7-Recovery,tenant-ntk,tenant-cpu,0.13054546057998823,0.09744562072416614,8
network,throughput_7-Recovery,tenant-ntk,tenant-dsk,0.17365464136942615,0.10924440333390782,8
network,throughput_7-Recovery,tenant-ntk,tenant-mem,0.1272683822428318,0.10401269126497943,8
network,throughput_7-Recovery,tenant-ntk,tenant-nsy,-1.8560118816013382e-06,0.19215245026889013,8
network,throughput_7-Recovery,tenant-ntk,tenant-ntk,1.0,0.0,8
