tenant1,tenant2,covariance,metric,phase,round_id
tenant-cpu,tenant-dsk,0.010781432977602614,cpu_usage,1-Baseline,round-2
tenant-cpu,tenant-mem,0.023170160905183142,cpu_usage,1-Baseline,round-2
tenant-cpu,tenant-ntk,0.013912458108594615,cpu_usage,1-Baseline,round-2
tenant-dsk,tenant-mem,0.009420824959282675,cpu_usage,1-Baseline,round-2
tenant-dsk,tenant-ntk,0.002341042911579991,cpu_usage,1-Baseline,round-2
tenant-mem,tenant-ntk,0.019988528986649722,cpu_usage,1-Baseline,round-2
tenant-cpu,tenant-dsk,0.006426869672458435,cpu_usage,2-CPU-Noise,round-2
tenant-cpu,tenant-mem,0.0326294072373589,cpu_usage,2-CPU-Noise,round-2
tenant-cpu,tenant-nsy,-0.06322739141289342,cpu_usage,2-CPU-Noise,round-2
tenant-cpu,tenant-ntk,0.015810811563563478,cpu_usage,2-CPU-Noise,round-2
tenant-dsk,tenant-mem,0.002421885177542207,cpu_usage,2-CPU-Noise,round-2
tenant-dsk,tenant-nsy,-0.001530215234442986,cpu_usage,2-CPU-Noise,round-2
tenant-dsk,tenant-ntk,0.007795124995022636,cpu_usage,2-CPU-Noise,round-2
tenant-mem,tenant-nsy,-0.05601000105766052,cpu_usage,2-CPU-Noise,round-2
tenant-mem,tenant-ntk,0.014287993069505107,cpu_usage,2-CPU-Noise,round-2
tenant-nsy,tenant-ntk,0.007099843094717546,cpu_usage,2-CPU-Noise,round-2
tenant-cpu,tenant-dsk,0.001342419167868912,cpu_usage,3-Memory-Noise,round-2
tenant-cpu,tenant-mem,0.027324647161485888,cpu_usage,3-Memory-Noise,round-2
tenant-cpu,tenant-nsy,-0.021362537036675795,cpu_usage,3-Memory-Noise,round-2
tenant-cpu,tenant-ntk,0.011691475671254815,cpu_usage,3-Memory-Noise,round-2
tenant-dsk,tenant-mem,0.0007939887131763918,cpu_usage,3-Memory-Noise,round-2
tenant-dsk,tenant-nsy,0.005784054009242081,cpu_usage,3-Memory-Noise,round-2
tenant-dsk,tenant-ntk,0.009164618846937228,cpu_usage,3-Memory-Noise,round-2
tenant-mem,tenant-nsy,-0.019910894414784195,cpu_usage,3-Memory-Noise,round-2
tenant-mem,tenant-ntk,0.012634231831824605,cpu_usage,3-Memory-Noise,round-2
tenant-nsy,tenant-ntk,0.02137030823029462,cpu_usage,3-Memory-Noise,round-2
tenant-cpu,tenant-dsk,0.0022083050748289593,cpu_usage,4-Network-Noise,round-2
tenant-cpu,tenant-mem,0.03920701145617731,cpu_usage,4-Network-Noise,round-2
tenant-cpu,tenant-nsy,-0.07810484784008444,cpu_usage,4-Network-Noise,round-2
tenant-cpu,tenant-ntk,0.019591011846384603,cpu_usage,4-Network-Noise,round-2
tenant-dsk,tenant-mem,0.0029855287131062202,cpu_usage,4-Network-Noise,round-2
tenant-dsk,tenant-nsy,0.0016094224438876505,cpu_usage,4-Network-Noise,round-2
tenant-dsk,tenant-ntk,0.007453463196300178,cpu_usage,4-Network-Noise,round-2
tenant-mem,tenant-nsy,-0.0647743931171587,cpu_usage,4-Network-Noise,round-2
tenant-mem,tenant-ntk,0.02102249976544342,cpu_usage,4-Network-Noise,round-2
tenant-nsy,tenant-ntk,0.008114951634452262,cpu_usage,4-Network-Noise,round-2
tenant-cpu,tenant-dsk,0.0030649689087089674,cpu_usage,5-Disk-Noise,round-2
tenant-cpu,tenant-mem,0.01738415182602821,cpu_usage,5-Disk-Noise,round-2
tenant-cpu,tenant-nsy,0.002607647179174047,cpu_usage,5-Disk-Noise,round-2
tenant-cpu,tenant-ntk,0.01858034101124266,cpu_usage,5-Disk-Noise,round-2
tenant-dsk,tenant-mem,0.0024515394670634205,cpu_usage,5-Disk-Noise,round-2
tenant-dsk,tenant-nsy,0.0022068326601150396,cpu_usage,5-Disk-Noise,round-2
tenant-dsk,tenant-ntk,0.007750630909521675,cpu_usage,5-Disk-Noise,round-2
tenant-mem,tenant-nsy,0.0033893306149738716,cpu_usage,5-Disk-Noise,round-2
tenant-mem,tenant-ntk,0.015883475862892675,cpu_usage,5-Disk-Noise,round-2
tenant-nsy,tenant-ntk,0.008657219324431217,cpu_usage,5-Disk-Noise,round-2
tenant-cpu,tenant-dsk,0.003639022838477583,cpu_usage,6-Combined-Noise,round-2
tenant-cpu,tenant-mem,0.020165246632062993,cpu_usage,6-Combined-Noise,round-2
tenant-cpu,tenant-nsy,-0.028212931820302243,cpu_usage,6-Combined-Noise,round-2
tenant-cpu,tenant-ntk,0.013735304976217038,cpu_usage,6-Combined-Noise,round-2
tenant-dsk,tenant-mem,0.0028231399850677246,cpu_usage,6-Combined-Noise,round-2
tenant-dsk,tenant-nsy,0.0018758460191714917,cpu_usage,6-Combined-Noise,round-2
tenant-dsk,tenant-ntk,0.006663774029339968,cpu_usage,6-Combined-Noise,round-2
tenant-mem,tenant-nsy,-0.01919429236165578,cpu_usage,6-Combined-Noise,round-2
tenant-mem,tenant-ntk,0.015077334798213285,cpu_usage,6-Combined-Noise,round-2
tenant-nsy,tenant-ntk,0.01328161065573275,cpu_usage,6-Combined-Noise,round-2
tenant-cpu,tenant-dsk,0.0034650428962553835,cpu_usage,7-Recovery,round-2
tenant-cpu,tenant-mem,0.12250229321859721,cpu_usage,7-Recovery,round-2
tenant-cpu,tenant-nsy,-0.16591940502880803,cpu_usage,7-Recovery,round-2
tenant-cpu,tenant-ntk,0.020587796002447378,cpu_usage,7-Recovery,round-2
tenant-dsk,tenant-mem,0.0024853394744063823,cpu_usage,7-Recovery,round-2
tenant-dsk,tenant-nsy,0.004698544510045389,cpu_usage,7-Recovery,round-2
tenant-dsk,tenant-ntk,0.006580232569458337,cpu_usage,7-Recovery,round-2
tenant-mem,tenant-nsy,-0.16584234693563785,cpu_usage,7-Recovery,round-2
tenant-mem,tenant-ntk,0.016460691731645112,cpu_usage,7-Recovery,round-2
tenant-nsy,tenant-ntk,-0.003046832583790243,cpu_usage,7-Recovery,round-2
tenant-cpu,tenant-dsk,87219954506547.72,memory_usage,1-Baseline,round-2
tenant-cpu,tenant-mem,112888020189495.84,memory_usage,1-Baseline,round-2
tenant-cpu,tenant-ntk,37422655859862.99,memory_usage,1-Baseline,round-2
tenant-dsk,tenant-mem,39110390202429.18,memory_usage,1-Baseline,round-2
tenant-dsk,tenant-ntk,-232388245543608.53,memory_usage,1-Baseline,round-2
tenant-mem,tenant-ntk,89123702629297.16,memory_usage,1-Baseline,round-2
tenant-cpu,tenant-dsk,175545288312448.12,memory_usage,2-CPU-Noise,round-2
tenant-cpu,tenant-mem,206292715345124.7,memory_usage,2-CPU-Noise,round-2
tenant-cpu,tenant-nsy,-187419636914850.72,memory_usage,2-CPU-Noise,round-2
tenant-cpu,tenant-ntk,148047333912832.25,memory_usage,2-CPU-Noise,round-2
tenant-dsk,tenant-mem,-99541345429209.97,memory_usage,2-CPU-Noise,round-2
tenant-dsk,tenant-nsy,277491991469016.88,memory_usage,2-CPU-Noise,round-2
tenant-dsk,tenant-ntk,141483647520153.66,memory_usage,2-CPU-Noise,round-2
tenant-mem,tenant-nsy,129012788076877.48,memory_usage,2-CPU-Noise,round-2
tenant-mem,tenant-ntk,26570007770457.895,memory_usage,2-CPU-Noise,round-2
tenant-nsy,tenant-ntk,-171834381034873.03,memory_usage,2-CPU-Noise,round-2
tenant-cpu,tenant-dsk,-187755719260702.0,memory_usage,3-Memory-Noise,round-2
tenant-cpu,tenant-mem,150931019199845.38,memory_usage,3-Memory-Noise,round-2
tenant-cpu,tenant-nsy,-493609275131218.6,memory_usage,3-Memory-Noise,round-2
tenant-cpu,tenant-ntk,182578588633045.34,memory_usage,3-Memory-Noise,round-2
tenant-dsk,tenant-mem,173311496584527.34,memory_usage,3-Memory-Noise,round-2
tenant-dsk,tenant-nsy,171933702349806.0,memory_usage,3-Memory-Noise,round-2
tenant-dsk,tenant-ntk,178460578072009.78,memory_usage,3-Memory-Noise,round-2
tenant-mem,tenant-nsy,267208338742533.66,memory_usage,3-Memory-Noise,round-2
tenant-mem,tenant-ntk,161039925604607.56,memory_usage,3-Memory-Noise,round-2
tenant-nsy,tenant-ntk,485522634755795.56,memory_usage,3-Memory-Noise,round-2
tenant-cpu,tenant-dsk,271133501271292.28,memory_usage,4-Network-Noise,round-2
tenant-cpu,tenant-mem,-332890343550378.94,memory_usage,4-Network-Noise,round-2
tenant-cpu,tenant-nsy,-247298955721067.97,memory_usage,4-Network-Noise,round-2
tenant-cpu,tenant-ntk,59207068653587.664,memory_usage,4-Network-Noise,round-2
tenant-dsk,tenant-mem,197211484557226.72,memory_usage,4-Network-Noise,round-2
tenant-dsk,tenant-nsy,-111949695870477.58,memory_usage,4-Network-Noise,round-2
tenant-dsk,tenant-ntk,272304637543465.12,memory_usage,4-Network-Noise,round-2
tenant-mem,tenant-nsy,289847341177803.3,memory_usage,4-Network-Noise,round-2
tenant-mem,tenant-ntk,213006398880823.4,memory_usage,4-Network-Noise,round-2
tenant-nsy,tenant-ntk,-311251596471334.4,memory_usage,4-Network-Noise,round-2
tenant-cpu,tenant-dsk,-73787436536166.25,memory_usage,5-Disk-Noise,round-2
tenant-cpu,tenant-mem,252105359788909.12,memory_usage,5-Disk-Noise,round-2
tenant-cpu,tenant-nsy,66379328127492.86,memory_usage,5-Disk-Noise,round-2
tenant-cpu,tenant-ntk,3374853513172.6597,memory_usage,5-Disk-Noise,round-2
tenant-dsk,tenant-mem,-7560746289015.44,memory_usage,5-Disk-Noise,round-2
tenant-dsk,tenant-nsy,179520697429579.0,memory_usage,5-Disk-Noise,round-2
tenant-dsk,tenant-ntk,113612797484850.2,memory_usage,5-Disk-Noise,round-2
tenant-mem,tenant-nsy,-121358058102203.17,memory_usage,5-Disk-Noise,round-2
tenant-mem,tenant-ntk,-68569551427282.8,memory_usage,5-Disk-Noise,round-2
tenant-nsy,tenant-ntk,-147010013368580.75,memory_usage,5-Disk-Noise,round-2
tenant-cpu,tenant-dsk,43652905872751.97,memory_usage,6-Combined-Noise,round-2
tenant-cpu,tenant-mem,-126260692044652.61,memory_usage,6-Combined-Noise,round-2
tenant-cpu,tenant-nsy,-156492630052635.88,memory_usage,6-Combined-Noise,round-2
tenant-cpu,tenant-ntk,764285438738887.1,memory_usage,6-Combined-Noise,round-2
tenant-dsk,tenant-mem,484097516368230.5,memory_usage,6-Combined-Noise,round-2
tenant-dsk,tenant-nsy,-392336234327103.56,memory_usage,6-Combined-Noise,round-2
tenant-dsk,tenant-ntk,-179157883544428.38,memory_usage,6-Combined-Noise,round-2
tenant-mem,tenant-nsy,-630246813057890.8,memory_usage,6-Combined-Noise,round-2
tenant-mem,tenant-ntk,-345735821537478.75,memory_usage,6-Combined-Noise,round-2
tenant-nsy,tenant-ntk,162984879817371.3,memory_usage,6-Combined-Noise,round-2
tenant-cpu,tenant-dsk,-296652677634682.56,memory_usage,7-Recovery,round-2
tenant-cpu,tenant-mem,839009158791921.1,memory_usage,7-Recovery,round-2
tenant-cpu,tenant-nsy,-53291191851091.84,memory_usage,7-Recovery,round-2
tenant-cpu,tenant-ntk,-103140641533590.31,memory_usage,7-Recovery,round-2
tenant-dsk,tenant-mem,-211696430067843.38,memory_usage,7-Recovery,round-2
tenant-dsk,tenant-nsy,31836817425418.758,memory_usage,7-Recovery,round-2
tenant-dsk,tenant-ntk,-17858504745047.285,memory_usage,7-Recovery,round-2
tenant-mem,tenant-nsy,-58389046184129.98,memory_usage,7-Recovery,round-2
tenant-mem,tenant-ntk,201605838069040.38,memory_usage,7-Recovery,round-2
tenant-nsy,tenant-ntk,-45161190706227.44,memory_usage,7-Recovery,round-2
tenant-cpu,tenant-dsk,8817019.428806894,network_throughput,1-Baseline,round-2
tenant-cpu,tenant-mem,1175602.6595529406,network_throughput,1-Baseline,round-2
tenant-cpu,tenant-ntk,27063132.744255513,network_throughput,1-Baseline,round-2
tenant-dsk,tenant-mem,8934139.010565925,network_throughput,1-Baseline,round-2
tenant-dsk,tenant-ntk,72547351.50689021,network_throughput,1-Baseline,round-2
tenant-mem,tenant-ntk,8913792.701192785,network_throughput,1-Baseline,round-2
tenant-cpu,tenant-dsk,91291.091353555,network_throughput,2-CPU-Noise,round-2
tenant-cpu,tenant-mem,315486.23849659594,network_throughput,2-CPU-Noise,round-2
tenant-cpu,tenant-nsy,634510.4658456398,network_throughput,2-CPU-Noise,round-2
tenant-cpu,tenant-ntk,-47669989.07554101,network_throughput,2-CPU-Noise,round-2
tenant-dsk,tenant-mem,918102.9937179727,network_throughput,2-CPU-Noise,round-2
tenant-dsk,tenant-nsy,416213.45567731274,network_throughput,2-CPU-Noise,round-2
tenant-dsk,tenant-ntk,-37285279.7382925,network_throughput,2-CPU-Noise,round-2
tenant-mem,tenant-nsy,661894.3259256834,network_throughput,2-CPU-Noise,round-2
tenant-mem,tenant-ntk,50847840.59318906,network_throughput,2-CPU-Noise,round-2
tenant-nsy,tenant-ntk,29462268.094808426,network_throughput,2-CPU-Noise,round-2
tenant-cpu,tenant-dsk,390189.4500747057,network_throughput,3-Memory-Noise,round-2
tenant-cpu,tenant-mem,406113.38766740385,network_throughput,3-Memory-Noise,round-2
tenant-cpu,tenant-nsy,983742.4290157964,network_throughput,3-Memory-Noise,round-2
tenant-cpu,tenant-ntk,7514679.605481105,network_throughput,3-Memory-Noise,round-2
tenant-dsk,tenant-mem,290869.04466360144,network_throughput,3-Memory-Noise,round-2
tenant-dsk,tenant-nsy,731685.8737484886,network_throughput,3-Memory-Noise,round-2
tenant-dsk,tenant-ntk,5334716.868272136,network_throughput,3-Memory-Noise,round-2
tenant-mem,tenant-nsy,555199.0792645303,network_throughput,3-Memory-Noise,round-2
tenant-mem,tenant-ntk,5384288.929116923,network_throughput,3-Memory-Noise,round-2
tenant-nsy,tenant-ntk,18924686.92589762,network_throughput,3-Memory-Noise,round-2
tenant-cpu,tenant-dsk,409490.8068533759,network_throughput,4-Network-Noise,round-2
tenant-cpu,tenant-mem,276936.36113567447,network_throughput,4-Network-Noise,round-2
tenant-cpu,tenant-nsy,61129867765.57959,network_throughput,4-Network-Noise,round-2
tenant-cpu,tenant-ntk,20209079.364391927,network_throughput,4-Network-Noise,round-2
tenant-dsk,tenant-mem,232846.58267218724,network_throughput,4-Network-Noise,round-2
tenant-dsk,tenant-nsy,59266349828.81257,network_throughput,4-Network-Noise,round-2
tenant-dsk,tenant-ntk,14274167.55485189,network_throughput,4-Network-Noise,round-2
tenant-mem,tenant-nsy,210100983219.00693,network_throughput,4-Network-Noise,round-2
tenant-mem,tenant-ntk,17289041.69393399,network_throughput,4-Network-Noise,round-2
tenant-nsy,tenant-ntk,4711791719758.2295,network_throughput,4-Network-Noise,round-2
tenant-cpu,tenant-dsk,639578.0626826107,network_throughput,5-Disk-Noise,round-2
tenant-cpu,tenant-mem,512870.0958996206,network_throughput,5-Disk-Noise,round-2
tenant-cpu,tenant-nsy,-240387.37647186505,network_throughput,5-Disk-Noise,round-2
tenant-cpu,tenant-ntk,6397275.9900301015,network_throughput,5-Disk-Noise,round-2
tenant-dsk,tenant-mem,204243.50990447047,network_throughput,5-Disk-Noise,round-2
tenant-dsk,tenant-nsy,-1434898.7316212943,network_throughput,5-Disk-Noise,round-2
tenant-dsk,tenant-ntk,2829161.7480824827,network_throughput,5-Disk-Noise,round-2
tenant-mem,tenant-nsy,-819692.7684287352,network_throughput,5-Disk-Noise,round-2
tenant-mem,tenant-ntk,8614110.998020465,network_throughput,5-Disk-Noise,round-2
tenant-nsy,tenant-ntk,-22840851.821951874,network_throughput,5-Disk-Noise,round-2
tenant-cpu,tenant-dsk,442536.09024043154,network_throughput,6-Combined-Noise,round-2
tenant-cpu,tenant-mem,446395.9161724624,network_throughput,6-Combined-Noise,round-2
tenant-cpu,tenant-nsy,-148102071455.56522,network_throughput,6-Combined-Noise,round-2
tenant-cpu,tenant-ntk,12027435.225923527,network_throughput,6-Combined-Noise,round-2
tenant-dsk,tenant-mem,343062.26176902786,network_throughput,6-Combined-Noise,round-2
tenant-dsk,tenant-nsy,-290174113792.8499,network_throughput,6-Combined-Noise,round-2
tenant-dsk,tenant-ntk,13542794.068717703,network_throughput,6-Combined-Noise,round-2
tenant-mem,tenant-nsy,-361413901606.2244,network_throughput,6-Combined-Noise,round-2
tenant-mem,tenant-ntk,15336262.565267444,network_throughput,6-Combined-Noise,round-2
tenant-nsy,tenant-ntk,5342806576442.896,network_throughput,6-Combined-Noise,round-2
tenant-cpu,tenant-dsk,573681.242509518,network_throughput,7-Recovery,round-2
tenant-cpu,tenant-mem,565412.5517144859,network_throughput,7-Recovery,round-2
tenant-cpu,tenant-nsy,47076389308.71843,network_throughput,7-Recovery,round-2
tenant-cpu,tenant-ntk,13785056.938210793,network_throughput,7-Recovery,round-2
tenant-dsk,tenant-mem,689815.3446277715,network_throughput,7-Recovery,round-2
tenant-dsk,tenant-nsy,52187455521.40999,network_throughput,7-Recovery,round-2
tenant-dsk,tenant-ntk,3335430.244084985,network_throughput,7-Recovery,round-2
tenant-mem,tenant-nsy,-404709867.3790582,network_throughput,7-Recovery,round-2
tenant-mem,tenant-ntk,7878061.420538973,network_throughput,7-Recovery,round-2
tenant-nsy,tenant-ntk,1377931228314.667,network_throughput,7-Recovery,round-2
tenant-cpu,tenant-dsk,1040973572476.2754,disk_io_total,1-Baseline,round-2
tenant-cpu,tenant-mem,920721472.7322791,disk_io_total,1-Baseline,round-2
tenant-cpu,tenant-ntk,929303126.5826982,disk_io_total,1-Baseline,round-2
tenant-dsk,tenant-mem,1113637030959.0427,disk_io_total,1-Baseline,round-2
tenant-dsk,tenant-ntk,815571305356.4968,disk_io_total,1-Baseline,round-2
tenant-mem,tenant-ntk,885621076.9542708,disk_io_total,1-Baseline,round-2
tenant-cpu,tenant-dsk,15127852898.018116,disk_io_total,2-CPU-Noise,round-2
tenant-cpu,tenant-mem,394802636.4774665,disk_io_total,2-CPU-Noise,round-2
tenant-cpu,tenant-nsy,539169417.6912503,disk_io_total,2-CPU-Noise,round-2
tenant-cpu,tenant-ntk,311985118.5483248,disk_io_total,2-CPU-Noise,round-2
tenant-dsk,tenant-mem,11754379523.216885,disk_io_total,2-CPU-Noise,round-2
tenant-dsk,tenant-nsy,35888591268.28026,disk_io_total,2-CPU-Noise,round-2
tenant-dsk,tenant-ntk,23135895642.737045,disk_io_total,2-CPU-Noise,round-2
tenant-mem,tenant-nsy,650310577.8633839,disk_io_total,2-CPU-Noise,round-2
tenant-mem,tenant-ntk,301222789.0034979,disk_io_total,2-CPU-Noise,round-2
tenant-nsy,tenant-ntk,504871601.8203037,disk_io_total,2-CPU-Noise,round-2
tenant-cpu,tenant-dsk,7860806372.978213,disk_io_total,3-Memory-Noise,round-2
tenant-cpu,tenant-mem,343858617.13334256,disk_io_total,3-Memory-Noise,round-2
tenant-cpu,tenant-nsy,635267667.9148881,disk_io_total,3-Memory-Noise,round-2
tenant-cpu,tenant-ntk,240121503.10721308,disk_io_total,3-Memory-Noise,round-2
tenant-dsk,tenant-mem,6259017769.910266,disk_io_total,3-Memory-Noise,round-2
tenant-dsk,tenant-nsy,27074859853.673687,disk_io_total,3-Memory-Noise,round-2
tenant-dsk,tenant-ntk,18446244842.651466,disk_io_total,3-Memory-Noise,round-2
tenant-mem,tenant-nsy,369561025.1393501,disk_io_total,3-Memory-Noise,round-2
tenant-mem,tenant-ntk,363053219.077567,disk_io_total,3-Memory-Noise,round-2
tenant-nsy,tenant-ntk,371125380.3276024,disk_io_total,3-Memory-Noise,round-2
tenant-cpu,tenant-dsk,15994664051.721191,disk_io_total,4-Network-Noise,round-2
tenant-cpu,tenant-mem,193266408.312268,disk_io_total,4-Network-Noise,round-2
tenant-cpu,tenant-nsy,332233051.69446796,disk_io_total,4-Network-Noise,round-2
tenant-cpu,tenant-ntk,335788454.3361531,disk_io_total,4-Network-Noise,round-2
tenant-dsk,tenant-mem,15435471177.007782,disk_io_total,4-Network-Noise,round-2
tenant-dsk,tenant-nsy,13372750053.120779,disk_io_total,4-Network-Noise,round-2
tenant-dsk,tenant-ntk,21792926140.53287,disk_io_total,4-Network-Noise,round-2
tenant-mem,tenant-nsy,277740759.9247365,disk_io_total,4-Network-Noise,round-2
tenant-mem,tenant-ntk,228648544.60373092,disk_io_total,4-Network-Noise,round-2
tenant-nsy,tenant-ntk,204598807.36476886,disk_io_total,4-Network-Noise,round-2
tenant-cpu,tenant-dsk,-17049436230.356018,disk_io_total,5-Disk-Noise,round-2
tenant-cpu,tenant-mem,259474515.46297565,disk_io_total,5-Disk-Noise,round-2
tenant-cpu,tenant-nsy,-48765030103.78953,disk_io_total,5-Disk-Noise,round-2
tenant-cpu,tenant-ntk,314015574.957326,disk_io_total,5-Disk-Noise,round-2
tenant-dsk,tenant-mem,3411383672.2244754,disk_io_total,5-Disk-Noise,round-2
tenant-dsk,tenant-nsy,11349424709087.184,disk_io_total,5-Disk-Noise,round-2
tenant-dsk,tenant-ntk,-27844701787.86371,disk_io_total,5-Disk-Noise,round-2
tenant-mem,tenant-nsy,-10485241311.611975,disk_io_total,5-Disk-Noise,round-2
tenant-mem,tenant-ntk,178271077.29667825,disk_io_total,5-Disk-Noise,round-2
tenant-nsy,tenant-ntk,-53102573518.96935,disk_io_total,5-Disk-Noise,round-2
tenant-cpu,tenant-dsk,1288188513.8526945,disk_io_total,6-Combined-Noise,round-2
tenant-cpu,tenant-mem,279543912.64321125,disk_io_total,6-Combined-Noise,round-2
tenant-cpu,tenant-nsy,1449747421.466741,disk_io_total,6-Combined-Noise,round-2
tenant-cpu,tenant-ntk,202693992.3664171,disk_io_total,6-Combined-Noise,round-2
tenant-dsk,tenant-mem,2650991758.49857,disk_io_total,6-Combined-Noise,round-2
tenant-dsk,tenant-nsy,283943051684.785,disk_io_total,6-Combined-Noise,round-2
tenant-dsk,tenant-ntk,5523666633.299158,disk_io_total,6-Combined-Noise,round-2
tenant-mem,tenant-nsy,1279715972.5507927,disk_io_total,6-Combined-Noise,round-2
tenant-mem,tenant-ntk,233901276.715296,disk_io_total,6-Combined-Noise,round-2
tenant-nsy,tenant-ntk,3855358359.9376736,disk_io_total,6-Combined-Noise,round-2
tenant-cpu,tenant-dsk,19512336874.537506,disk_io_total,7-Recovery,round-2
tenant-cpu,tenant-mem,497984743.4709695,disk_io_total,7-Recovery,round-2
tenant-cpu,tenant-nsy,5931854133.416106,disk_io_total,7-Recovery,round-2
tenant-cpu,tenant-ntk,423956597.502343,disk_io_total,7-Recovery,round-2
tenant-dsk,tenant-mem,18523997253.18984,disk_io_total,7-Recovery,round-2
tenant-dsk,tenant-nsy,-515708448907.98376,disk_io_total,7-Recovery,round-2
tenant-dsk,tenant-ntk,13268045149.334799,disk_io_total,7-Recovery,round-2
tenant-mem,tenant-nsy,4100059226.1243544,disk_io_total,7-Recovery,round-2
tenant-mem,tenant-ntk,309223658.21040285,disk_io_total,7-Recovery,round-2
tenant-nsy,tenant-ntk,6277556110.149618,disk_io_total,7-Recovery,round-2
